dyad_id,category,weight
634,62,1.0
634,62,1.0
634,62,1.0
634,61,1.0
634,8,1.0
634,61,1.0
634,8,1.0
634,61,1.0
634,7,1.0
858,12,1.0
858,12,1.0
858,7,1.0
858,12,1.0
858,12,1.0
858,7,1.0
858,7,0.5
858,8,0.5
865,7,1.0
865,12,1.0
865,12,1.0
865,12,1.0
865,12,1.0
865,8,1.0
865,8,1.0
865,12,1.0
865,12,1.0
865,7,1.0
865,7,1.0
865,7,0.5
865,8,0.5
865,12,1.0
865,72,1.0
865,62,1.0
865,66,1.0
865,62,1.0
865,66,1.0
902,12,1.0
902,8,1.0
902,62,1.0
11989,12,1.0
11989,8,1.0
11989,8,1.0
11989,8,1.0
11989,12,1.0
11989,8,1.0
11989,12,1.0
11989,8,1.0
11989,12,1.0
11989,8,1.0
11989,8,1.0
11989,8,1.0
11989,18,1.0
11989,18,1.0
11989,18,1.0
11989,18,1.0
11989,7,1.0
11989,12,1.0
11989,12,1.0
11989,66,1.0
11989,66,1.0
11989,62,1.0
11989,72,1.0
11989,66,1.0
11989,66,1.0
11989,12,1.0
11989,12,1.0
11989,66,1.0
11989,66,1.0
11989,12,1.0
11989,66,1.0
11989,12,1.0
14236,61,1.0
14236,7,0.5
14236,8,0.5
14236,62,1.0
14236,61,1.0
14236,61,0.5
14236,62,0.5
459,43,0.5
459,46,0.5
10855,48,1.0
10855,43,1.0
10855,62,1.0
10855,12,1.0
10855,6,1.0
10855,7,0.5
10855,25,0.5
10855,7,0.5
10855,8,0.5
10855,18,1.0
10855,8,1.0
10855,7,0.33333
10855,25,0.33333
10855,43,0.33333
10855,61,1.0
10855,43,1.0
10855,43,1.0
10855,43,1.0
10855,7,1.0
10855,7,1.0
10855,8,0.5
10855,9,0.5
10855,8,1.0
10855,7,1.0
10855,61,1.0
10855,30,1.0
10855,25,1.0
10855,30,1.0
10855,7,0.5
10855,8,0.5
10855,8,1.0
10855,14,1.0
10855,7,0.25
10855,8,0.25
10855,43,0.25
10855,44,0.25
10855,18,1.0
10855,72,1.0
10855,61,1.0
10855,61,0.5
10855,62,0.5
14595,6,1.0
14595,12,1.0
14595,12,1.0
14595,8,1.0
14595,8,1.0
14595,61,1.0
14595,6,1.0
14595,12,1.0
14595,12,1.0
14595,7,1.0
14595,7,1.0
14595,7,1.0
14595,12,1.0
14595,6,1.0
14595,6,1.0
14595,7,1.0
14595,7,1.0
14595,6,1.0
14595,12,1.0
14595,6,1.0
14595,66,1.0
14595,43,1.0
14595,6,1.0
14595,1,1.0
14595,7,1.0
14595,7,1.0
14595,12,1.0
14595,7,1.0
14595,7,1.0
14595,12,1.0
14595,12,1.0
14595,12,1.0
14595,12,1.0
14595,12,1.0
14595,12,1.0
14595,7,0.5
14595,8,0.5
14595,6,1.0
14595,6,1.0
14595,7,1.0
14595,7,1.0
14595,7,0.5
14595,8,0.5
14595,8,1.0
14595,12,1.0
14595,7,1.0
14595,7,1.0
14595,6,1.0
14595,6,1.0
14595,6,1.0
14595,6,1.0
14595,6,1.0
14595,6,1.0
14595,6,1.0
14595,6,1.0
14595,6,1.0
14595,6,1.0
14595,6,1.0
14595,6,1.0
14595,6,1.0
14595,6,1.0
14595,6,1.0
14595,7,1.0
14595,7,1.0
14595,7,1.0
14595,7,1.0
14595,12,1.0
14595,12,1.0
14595,6,1.0
14595,6,1.0
14595,6,1.0
14595,7,0.5
14595,8,0.5
14595,13,1.0
14595,13,1.0
14595,18,1.0
14595,13,1.0
14595,12,1.0
14595,12,1.0
14595,18,1.0
14595,12,1.0
14595,7,1.0
14595,12,1.0
14595,12,1.0
14595,12,1.0
14595,12,1.0
14595,6,1.0
14595,12,1.0
14595,12,1.0
14595,12,1.0
14595,12,1.0
14595,12,1.0
14595,12,1.0
14595,48,1.0
14595,12,1.0
14595,12,1.0
14595,12,1.0
14595,18,1.0
14595,7,1.0
14595,12,1.0
14595,48,1.0
14595,7,1.0
14595,12,1.0
14595,7,1.0
14595,7,1.0
14595,12,1.0
14595,12,1.0
14595,12,1.0
14595,7,1.0
14595,7,1.0
14595,12,1.0
14595,11,1.0
14595,12,1.0
14595,7,1.0
14595,13,1.0
14595,18,1.0
14595,12,1.0
14595,7,1.0
14595,7,1.0
14595,7,1.0
14595,6,1.0
14595,18,1.0
14595,7,1.0
532,12,1.0
532,7,0.5
532,8,0.5
532,7,0.5
532,10,0.5
532,12,1.0
532,7,1.0
532,13,0.5
532,16,0.5
532,7,1.0
532,12,1.0
532,7,1.0
532,16,1.0
532,12,1.0
532,61,1.0
532,7,1.0
532,7,1.0
532,12,1.0
532,7,1.0
532,8,0.5
532,9,0.5
532,8,0.5
532,9,0.5
532,8,1.0
532,12,1.0
532,7,0.5
532,8,0.5
532,13,0.5
532,16,0.5
532,8,0.5
532,11,0.5
532,8,1.0
532,8,1.0
532,44,1.0
532,14,1.0
532,14,0.25
532,15,0.25
532,50,0.25
532,51,0.25
532,14,0.5
532,50,0.5
532,8,1.0
532,8,1.0
533,7,0.5
533,10,0.5
533,8,1.0
533,62,1.0
533,7,0.5
533,8,0.5
533,67,1.0
533,7,1.0
12009,12,1.0
12009,66,1.0
555,6,1.0
555,6,1.0
555,60,1.0
555,6,1.0
555,12,1.0
555,12,1.0
555,7,0.33333
555,8,0.33333
555,10,0.33333
555,7,0.33333
555,8,0.33333
555,10,0.33333
555,13,1.0
555,13,0.5
555,14,0.5
555,13,1.0
558,2,1.0
558,12,1.0
558,8,1.0
571,8,1.0
584,8,1.0
585,7,1.0
585,5,1.0
585,7,0.25
585,8,0.25
585,9,0.25
585,11,0.25
585,18,1.0
585,5,1.0
585,18,1.0
585,18,1.0
585,14,1.0
585,65,1.0
585,11,1.0
585,71,1.0
585,7,0.5
585,11,0.5
585,65,1.0
585,65,1.0
585,18,1.0
585,14,0.33333
585,15,0.33333
585,16,0.33333
585,14,1.0
585,6,1.0
585,12,1.0
585,18,1.0
585,8,0.5
585,9,0.5
585,12,1.0
585,8,0.5
585,11,0.5
585,8,1.0
585,7,0.5
585,11,0.5
585,11,1.0
585,7,0.33333
585,8,0.33333
585,9,0.33333
585,18,1.0
585,8,1.0
585,18,1.0
586,12,1.0
586,7,1.0
586,12,1.0
586,7,1.0
586,7,0.33333
586,8,0.33333
586,11,0.33333
586,7,1.0
586,7,0.25
586,8,0.25
586,9,0.25
586,11,0.25
586,18,1.0
586,5,1.0
586,18,1.0
586,11,1.0
586,18,1.0
586,14,1.0
586,65,1.0
586,11,1.0
586,71,1.0
586,7,0.33333
586,8,0.33333
586,11,0.33333
586,65,1.0
586,65,1.0
586,18,1.0
586,14,0.33333
586,15,0.33333
586,16,0.33333
586,14,1.0
586,6,1.0
586,12,1.0
586,18,1.0
586,8,0.5
586,9,0.5
586,7,1.0
586,8,0.5
586,11,0.5
586,8,1.0
586,7,0.5
586,11,0.5
586,11,1.0
586,11,1.0
586,11,1.0
586,17,1.0
586,7,0.33333
586,8,0.33333
586,9,0.33333
586,18,1.0
586,8,1.0
586,18,1.0
586,17,1.0
586,12,1.0
588,13,0.5
588,17,0.5
588,17,1.0
588,17,1.0
588,11,1.0
588,7,1.0
588,8,1.0
588,17,1.0
588,17,1.0
588,17,1.0
588,17,1.0
588,7,0.5
588,8,0.5
588,71,1.0
588,17,1.0
588,17,1.0
588,17,1.0
588,7,1.0
588,17,1.0
588,12,1.0
588,17,1.0
588,17,1.0
588,62,0.5
588,65,0.5
588,65,1.0
588,7,0.33333
588,8,0.33333
588,9,0.33333
10509,61,1.0
10509,61,1.0
10509,61,0.33333
10509,62,0.33333
10509,63,0.33333
10509,12,0.5
10509,48,0.5
10509,12,1.0
10509,12,1.0
11377,7,1.0
11377,66,1.0
11377,61,1.0
11377,7,0.5
11377,25,0.5
11377,7,0.16667
11377,8,0.16667
11377,25,0.16667
11377,26,0.16667
11377,43,0.16667
11377,44,0.16667
11377,12,1.0
11377,12,1.0
11377,12,1.0
11982,7,1.0
11982,7,1.0
11982,7,0.5
11982,8,0.5
11982,12,1.0
11982,62,0.5
11982,63,0.5
11982,7,0.33333
11982,8,0.33333
11982,9,0.33333
11982,66,1.0
11982,7,1.0
11982,12,1.0
11982,7,1.0
11982,61,1.0
11982,7,1.0
11982,13,1.0
11982,12,1.0
11982,7,1.0
11982,12,1.0
14929,63,1.0
14929,30,1.0
14929,62,1.0
14929,62,1.0
593,12,1.0
593,12,1.0
593,6,1.0
593,12,1.0
593,6,1.0
593,7,1.0
593,12,1.0
593,12,1.0
593,8,1.0
593,8,1.0
593,7,1.0
593,8,1.0
593,7,0.5
593,8,0.5
593,7,0.33333
593,8,0.33333
593,9,0.33333
593,12,1.0
593,8,1.0
594,12,0.5
594,48,0.5
594,6,1.0
594,6,1.0
594,7,1.0
594,12,1.0
594,12,1.0
594,8,1.0
594,8,1.0
594,7,1.0
594,8,1.0
594,7,0.5
594,8,0.5
594,7,0.33333
594,8,0.33333
594,9,0.33333
594,12,1.0
594,8,1.0
594,61,1.0
595,6,1.0
595,6,1.0
595,7,1.0
595,12,1.0
595,12,1.0
595,12,1.0
595,8,1.0
595,8,1.0
595,7,1.0
595,7,0.5
595,8,0.5
595,7,0.33333
595,8,0.33333
595,9,0.33333
595,12,1.0
595,8,1.0
596,12,1.0
596,12,1.0
596,7,1.0
596,7,1.0
596,7,1.0
596,7,0.33333
596,8,0.33333
596,9,0.33333
596,14,1.0
596,7,0.5
596,8,0.5
596,18,1.0
596,12,1.0
596,7,1.0
596,12,1.0
596,7,1.0
596,18,1.0
596,12,1.0
596,7,0.33333
596,8,0.33333
596,9,0.33333
597,12,0.5
597,48,0.5
597,12,0.5
597,48,0.5
597,12,0.5
597,48,0.5
597,12,1.0
597,6,1.0
597,18,1.0
597,18,1.0
597,12,1.0
597,8,1.0
597,62,1.0
597,7,0.33333
597,8,0.33333
597,11,0.33333
597,18,1.0
597,7,0.5
597,8,0.5
597,7,0.33333
597,8,0.33333
597,9,0.33333
597,7,0.5
597,8,0.5
610,7,0.5
610,8,0.5
610,61,0.33333
610,62,0.33333
610,64,0.33333
610,14,1.0
610,7,0.33333
610,8,0.33333
610,9,0.33333
610,7,1.0
610,7,0.33333
610,8,0.33333
610,9,0.33333
612,8,1.0
612,8,1.0
612,8,1.0
613,12,1.0
613,61,1.0
613,7,1.0
613,7,0.33333
613,8,0.33333
613,9,0.33333
614,7,0.5
614,9,0.5
614,7,0.33333
614,8,0.33333
614,9,0.33333
614,61,1.0
614,62,0.5
614,63,0.5
614,8,0.33333
614,9,0.33333
614,10,0.33333
615,61,1.0
615,61,0.33333
615,62,0.33333
615,63,0.33333
616,8,0.5
616,9,0.5
616,7,0.33333
616,8,0.33333
616,9,0.33333
616,7,0.5
616,9,0.5
616,61,0.5
616,62,0.5
617,11,0.5
617,47,0.5
617,8,0.5
617,11,0.5
617,11,1.0
617,11,1.0
617,68,0.5
617,71,0.5
617,11,1.0
617,7,0.33333
617,8,0.33333
617,9,0.33333
618,11,0.5
618,47,0.5
618,8,0.5
618,11,0.5
618,11,1.0
618,11,1.0
618,68,0.5
618,71,0.5
618,11,1.0
618,11,1.0
618,11,1.0
618,7,0.5
618,9,0.5
618,7,0.33333
618,8,0.33333
618,9,0.33333
619,11,0.5
619,47,0.5
619,8,0.5
619,11,0.5
619,11,1.0
619,11,1.0
619,68,0.5
619,71,0.5
619,11,1.0
619,11,1.0
619,11,1.0
619,7,0.5
619,9,0.5
619,7,0.33333
619,8,0.33333
619,9,0.33333
619,8,1.0
620,11,1.0
620,8,0.25
620,11,0.25
620,44,0.25
620,47,0.25
621,8,0.5
621,11,0.5
621,11,1.0
621,62,0.5
621,65,0.5
621,8,0.5
621,11,0.5
621,17,1.0
621,61,1.0
621,8,1.0
15676,7,0.5
15676,8,0.5
15676,62,1.0
16743,7,0.5
16743,8,0.5
16743,62,1.0
640,61,0.5
640,63,0.5
640,61,1.0
640,61,1.0
640,61,1.0
640,66,1.0
640,61,1.0
640,12,1.0
640,61,1.0
641,13,0.33333
641,14,0.33333
641,17,0.33333
644,8,0.5
644,11,0.5
644,12,1.0
644,12,1.0
644,8,1.0
644,12,1.0
644,7,0.5
644,8,0.5
644,8,1.0
644,8,1.0
644,66,1.0
644,66,1.0
644,12,1.0
644,12,1.0
644,7,1.0
644,12,1.0
644,7,1.0
644,12,1.0
644,7,0.5
644,8,0.5
644,8,1.0
644,7,0.5
644,8,0.5
644,12,1.0
644,12,1.0
644,12,1.0
644,12,1.0
644,61,1.0
644,66,1.0
644,62,1.0
644,66,1.0
644,66,1.0
646,8,0.5
646,11,0.5
646,12,1.0
646,12,1.0
646,8,1.0
646,12,1.0
646,7,0.5
646,8,0.5
646,8,1.0
646,8,1.0
646,66,1.0
646,66,1.0
646,12,1.0
646,12,1.0
646,7,1.0
646,12,1.0
646,7,1.0
646,12,1.0
646,7,0.5
646,8,0.5
646,8,1.0
646,7,0.5
646,8,0.5
647,8,0.5
647,11,0.5
647,12,1.0
647,12,1.0
647,8,1.0
647,12,1.0
647,7,0.5
647,8,0.5
647,8,1.0
647,8,1.0
647,66,1.0
647,66,1.0
647,12,1.0
647,12,1.0
647,7,1.0
647,12,1.0
647,7,1.0
647,12,1.0
647,7,0.5
647,8,0.5
647,8,1.0
647,7,0.5
647,8,0.5
647,62,1.0
15800,66,1.0
15800,12,1.0
15800,66,1.0
15800,7,0.5
15800,8,0.5
15800,7,1.0
15800,66,1.0
15800,66,1.0
15800,32,1.0
15800,32,1.0
15800,68,1.0
15800,68,1.0
654,12,1.0
654,12,1.0
654,66,1.0
654,8,1.0
663,13,1.0
663,66,1.0
663,61,1.0
663,66,1.0
663,7,1.0
663,6,1.0
663,12,1.0
663,12,1.0
663,7,0.5
663,8,0.5
663,8,1.0
663,8,0.5
663,12,0.5
663,6,1.0
663,12,1.0
663,12,1.0
663,7,1.0
663,12,1.0
663,7,0.5
663,9,0.5
663,8,0.5
663,11,0.5
663,66,1.0
663,8,0.5
663,11,0.5
663,12,1.0
663,6,1.0
663,12,1.0
663,8,1.0
663,61,1.0
663,7,1.0
663,65,1.0
663,8,0.5
663,11,0.5
663,62,0.5
663,65,0.5
663,11,1.0
663,11,1.0
663,7,0.5
663,8,0.5
663,11,1.0
663,71,1.0
663,7,0.33333
663,8,0.33333
663,11,0.33333
663,8,1.0
663,7,1.0
663,12,1.0
663,61,1.0
663,12,1.0
663,61,1.0
663,1,1.0
663,7,1.0
663,7,0.5
663,8,0.5
663,12,1.0
663,7,1.0
663,12,1.0
663,8,1.0
663,13,0.5
663,14,0.5
663,12,1.0
663,12,1.0
663,8,1.0
663,12,1.0
663,12,1.0
663,7,1.0
663,7,0.5
663,8,0.5
663,12,1.0
663,12,1.0
663,8,1.0
663,8,1.0
663,8,1.0
663,7,1.0
663,7,0.5
663,8,0.5
663,12,1.0
663,61,1.0
663,66,1.0
663,7,1.0
663,72,1.0
663,68,1.0
663,6,1.0
663,68,1.0
663,18,1.0
664,8,0.5
664,11,0.5
664,11,1.0
664,11,1.0
664,12,1.0
664,12,1.0
664,12,1.0
664,12,1.0
664,12,1.0
664,8,1.0
664,8,1.0
664,18,1.0
664,72,1.0
665,60,1.0
665,7,1.0
665,1,1.0
665,12,1.0
665,12,1.0
665,12,1.0
665,13,0.5
665,14,0.5
665,12,1.0
665,11,1.0
665,8,0.5
665,10,0.5
665,12,1.0
665,8,1.0
665,11,0.5
665,47,0.5
665,8,0.5
665,11,0.5
665,11,1.0
665,65,1.0
665,11,1.0
665,68,0.5
665,71,0.5
665,11,1.0
665,65,1.0
665,11,1.0
665,11,1.0
665,11,1.0
665,8,0.25
665,11,0.25
665,44,0.25
665,47,0.25
665,8,0.5
665,11,0.5
665,11,1.0
665,62,0.5
665,65,0.5
665,8,1.0
665,8,1.0
665,8,0.5
665,11,0.5
665,17,1.0
665,12,1.0
665,7,0.5
665,8,0.5
665,8,1.0
665,7,1.0
665,8,1.0
665,7,0.5
665,8,0.5
665,6,1.0
665,12,1.0
665,66,1.0
665,7,1.0
666,66,1.0
666,25,1.0
666,60,1.0
666,7,1.0
666,14,1.0
666,6,1.0
666,12,1.0
666,60,1.0
666,7,1.0
666,1,1.0
666,12,1.0
666,12,1.0
666,12,1.0
666,13,0.5
666,14,0.5
666,12,1.0
666,11,1.0
666,8,0.5
666,10,0.5
666,12,1.0
666,8,1.0
666,11,0.5
666,47,0.5
666,8,0.5
666,11,0.5
666,11,1.0
666,8,1.0
666,65,1.0
666,11,1.0
666,68,0.5
666,71,0.5
666,11,1.0
666,65,1.0
666,65,1.0
666,11,1.0
666,11,1.0
666,11,1.0
666,8,0.25
666,11,0.25
666,44,0.25
666,47,0.25
666,8,0.5
666,11,0.5
666,11,1.0
666,62,0.5
666,65,0.5
666,8,0.5
666,11,0.5
666,17,1.0
668,8,1.0
668,12,1.0
668,18,1.0
668,7,1.0
669,61,1.0
670,63,0.5
670,66,0.5
670,43,1.0
11975,7,1.0
11975,7,0.5
11975,8,0.5
11975,7,1.0
11975,8,1.0
11975,12,1.0
11975,7,1.0
11975,12,1.0
11975,12,1.0
11975,7,1.0
11975,6,1.0
11975,6,1.0
11975,6,1.0
11975,6,1.0
11975,6,1.0
11975,56,1.0
11975,66,1.0
11975,61,1.0
11975,62,1.0
11975,62,1.0
11975,62,1.0
11975,12,1.0
11975,62,1.0
11988,8,1.0
11988,2,1.0
11988,8,1.0
11988,7,1.0
11988,55,1.0
11988,6,1.0
11988,12,1.0
11988,8,1.0
11988,8,1.0
11988,7,0.5
11988,8,0.5
11988,13,1.0
11988,6,1.0
11988,6,1.0
11988,6,1.0
11988,62,1.0
11988,8,1.0
11988,8,1.0
11988,62,1.0
11988,62,1.0
11988,62,1.0
11988,12,1.0
11988,7,0.33333
11988,8,0.33333
11988,10,0.33333
11988,13,1.0
14134,12,1.0
14134,12,1.0
14134,61,0.5
14134,62,0.5
14134,66,1.0
14150,12,1.0
17497,7,0.5
17497,10,0.5
17497,7,1.0
17497,12,1.0
688,66,1.0
688,61,1.0
688,8,0.5
688,11,0.5
688,56,1.0
688,12,0.5
688,48,0.5
688,8,0.5
688,11,0.5
688,6,0.5
688,42,0.5
688,6,0.5
688,42,0.5
688,3,0.25
688,6,0.25
688,39,0.25
688,42,0.25
688,8,0.5
688,44,0.5
688,7,1.0
688,8,0.25
688,9,0.25
688,44,0.25
688,45,0.25
688,11,1.0
688,7,0.33333
688,8,0.33333
688,11,0.33333
688,12,1.0
688,71,1.0
688,71,1.0
688,17,1.0
688,17,1.0
688,17,1.0
688,71,1.0
688,17,1.0
688,71,1.0
688,63,0.5
688,66,0.5
688,71,1.0
688,71,1.0
688,61,1.0
688,6,1.0
688,6,0.5
688,42,0.5
688,7,0.16667
688,8,0.16667
688,9,0.16667
688,43,0.16667
688,44,0.16667
688,45,0.16667
688,7,0.5
688,43,0.5
688,8,0.5
688,44,0.5
688,8,1.0
688,6,0.5
688,42,0.5
688,6,0.5
688,42,0.5
688,12,0.5
688,48,0.5
688,7,1.0
688,8,0.5
688,44,0.5
688,8,0.25
688,9,0.25
688,44,0.25
688,45,0.25
688,7,0.25
688,8,0.25
688,43,0.25
688,44,0.25
688,7,0.25
688,8,0.25
688,43,0.25
688,44,0.25
688,7,0.5
688,43,0.5
689,61,0.5
689,62,0.5
689,61,0.5
689,63,0.5
691,60,1.0
691,60,1.0
691,66,1.0
691,66,1.0
691,66,1.0
691,61,1.0
691,25,0.5
691,26,0.5
712,8,0.5
712,11,0.5
712,11,1.0
712,11,1.0
714,8,1.0
714,18,1.0
714,12,1.0
714,12,1.0
714,12,1.0
714,12,1.0
714,7,0.33333
714,8,0.33333
714,11,0.33333
714,7,0.5
714,8,0.5
714,13,0.5
714,14,0.5
714,13,1.0
714,13,0.5
714,14,0.5
714,7,1.0
714,7,0.33333
714,8,0.33333
714,9,0.33333
714,6,1.0
714,13,1.0
714,7,0.33333
714,8,0.33333
714,9,0.33333
714,18,1.0
714,18,1.0
714,18,1.0
714,7,0.5
714,8,0.5
714,8,1.0
714,62,1.0
714,68,1.0
714,7,1.0
714,61,1.0
714,61,0.5
714,62,0.5
718,62,0.5
718,65,0.5
718,71,1.0
719,12,1.0
719,12,1.0
719,8,1.0
719,12,1.0
719,7,0.5
719,8,0.5
721,62,1.0
721,12,1.0
721,7,0.5
721,8,0.5
721,6,1.0
721,66,1.0
721,12,1.0
721,12,1.0
721,12,1.0
721,12,1.0
721,12,1.0
721,12,1.0
721,12,1.0
721,12,1.0
721,8,1.0
721,8,0.5
721,12,0.5
721,8,0.5
721,12,0.5
721,12,1.0
721,8,0.5
721,12,0.5
721,12,1.0
721,8,0.5
721,12,0.5
721,12,1.0
721,8,1.0
721,12,1.0
721,12,1.0
721,12,1.0
721,12,1.0
721,12,1.0
721,12,1.0
721,12,1.0
721,12,1.0
721,12,1.0
721,12,1.0
721,12,1.0
721,12,1.0
721,12,1.0
722,6,1.0
722,12,0.5
722,48,0.5
722,12,0.5
722,48,0.5
722,7,0.25
722,11,0.25
722,43,0.25
722,47,0.25
722,13,0.5
722,49,0.5
722,12,0.5
722,48,0.5
722,12,0.5
722,48,0.5
722,12,0.5
722,48,0.5
722,7,0.25
722,8,0.25
722,43,0.25
722,44,0.25
722,8,0.5
722,44,0.5
722,8,0.5
722,44,0.5
722,8,0.25
722,10,0.25
722,44,0.25
722,46,0.25
722,7,0.5
722,43,0.5
722,7,0.5
722,43,0.5
722,7,0.25
722,8,0.25
722,43,0.25
722,44,0.25
722,12,0.5
722,48,0.5
722,66,1.0
722,66,1.0
722,66,1.0
722,66,1.0
722,66,1.0
722,66,1.0
722,66,1.0
722,66,1.0
722,7,0.25
722,8,0.25
722,43,0.25
722,44,0.25
722,12,0.5
722,48,0.5
722,66,1.0
722,62,1.0
722,66,1.0
722,66,1.0
722,66,1.0
722,61,1.0
722,66,1.0
722,61,0.5
722,62,0.5
722,61,1.0
722,62,1.0
722,66,1.0
722,66,1.0
722,66,1.0
722,66,1.0
722,66,1.0
722,66,1.0
722,12,0.5
722,48,0.5
722,61,1.0
722,61,1.0
722,61,1.0
722,66,1.0
722,12,1.0
722,12,1.0
722,66,1.0
722,61,1.0
722,61,1.0
722,7,1.0
722,7,1.0
722,8,1.0
722,13,1.0
722,1,1.0
722,13,1.0
744,6,1.0
744,6,1.0
744,7,0.5
744,9,0.5
744,7,0.25
744,9,0.25
744,43,0.25
744,45,0.25
744,7,0.5
744,8,0.5
744,12,0.5
744,48,0.5
745,12,1.0
745,12,1.0
745,7,0.25
745,9,0.25
745,43,0.25
745,45,0.25
745,7,0.25
745,8,0.25
745,43,0.25
745,44,0.25
745,12,0.5
745,48,0.5
746,6,1.0
746,6,1.0
746,8,1.0
747,7,1.0
747,12,0.5
747,48,0.5
747,7,1.0
747,9,1.0
747,7,1.0
747,7,0.25
747,9,0.25
747,43,0.25
747,45,0.25
747,7,0.25
747,8,0.25
747,43,0.25
747,44,0.25
747,12,0.5
747,48,0.5
747,7,0.33333
747,8,0.33333
747,9,0.33333
747,61,1.0
747,7,1.0
747,6,1.0
747,7,1.0
747,13,1.0
747,12,1.0
747,7,1.0
747,13,1.0
747,7,0.5
747,8,0.5
748,7,1.0
748,7,1.0
748,7,0.5
748,10,0.5
748,12,1.0
748,12,1.0
748,8,1.0
748,8,1.0
749,12,1.0
749,12,1.0
749,12,1.0
749,8,0.5
749,11,0.5
749,8,1.0
749,7,0.5
749,11,0.5
749,61,1.0
750,66,1.0
750,61,1.0
750,66,1.0
750,66,1.0
752,66,1.0
759,48,1.0
759,7,0.5
759,8,0.5
759,12,1.0
759,7,0.5
759,8,0.5
759,7,0.5
759,8,0.5
759,18,1.0
759,7,0.5
759,8,0.5
759,7,1.0
759,44,1.0
759,8,1.0
759,8,1.0
759,8,1.0
759,7,0.5
759,8,0.5
759,12,1.0
759,7,1.0
759,8,0.5
759,9,0.5
759,12,1.0
759,7,0.5
759,8,0.5
759,13,1.0
759,7,0.5
759,8,0.5
759,7,0.5
759,8,0.5
760,7,0.5
760,8,0.5
760,7,0.5
760,8,0.5
760,7,0.5
760,8,0.5
760,12,1.0
760,7,0.5
760,8,0.5
760,44,1.0
761,12,0.5
761,48,0.5
761,12,1.0
761,7,1.0
761,12,1.0
761,7,0.33333
761,8,0.33333
761,9,0.33333
761,13,1.0
761,12,1.0
761,18,1.0
762,8,1.0
762,7,1.0
762,12,1.0
762,7,0.33333
762,8,0.33333
762,9,0.33333
762,13,1.0
762,12,1.0
762,18,1.0
766,60,1.0
766,60,1.0
766,6,1.0
766,60,1.0
766,6,1.0
766,6,1.0
766,62,1.0
766,62,1.0
766,62,1.0
766,62,1.0
766,62,1.0
766,66,1.0
766,12,1.0
766,61,0.5
766,62,0.5
800,7,0.5
800,8,0.5
800,12,1.0
800,12,1.0
800,7,0.5
800,8,0.5
800,12,1.0
800,12,1.0
800,18,1.0
801,7,0.5
801,8,0.5
801,12,1.0
801,12,1.0
801,7,0.5
801,8,0.5
801,12,1.0
801,12,1.0
801,18,1.0
802,7,1.0
802,66,1.0
802,7,1.0
802,61,1.0
802,61,1.0
802,6,1.0
802,7,1.0
802,7,1.0
802,66,1.0
10054,12,1.0
10054,12,1.0
10054,7,0.5
10054,8,0.5
11985,12,1.0
11985,66,1.0
11985,7,1.0
11985,66,1.0
11985,7,0.5
11985,8,0.5
11985,7,1.0
11985,7,1.0
11985,7,0.5
11985,8,0.5
11985,7,0.25
11985,8,0.25
11985,43,0.25
11985,44,0.25
11985,8,0.5
11985,44,0.5
11985,8,0.25
11985,9,0.25
11985,44,0.25
11985,45,0.25
11985,12,0.5
11985,48,0.5
11985,12,0.5
11985,48,0.5
11985,8,0.25
11985,9,0.25
11985,44,0.25
11985,45,0.25
11985,1,0.5
11985,37,0.5
11985,8,0.5
11985,44,0.5
11985,12,1.0
11985,12,1.0
11985,8,1.0
11985,13,0.5
11985,14,0.5
11985,14,1.0
11985,18,0.5
11985,54,0.5
11985,18,0.5
11985,54,0.5
11985,18,0.5
11985,54,0.5
11985,14,0.5
11985,50,0.5
11985,18,0.5
11985,54,0.5
11985,18,0.5
11985,54,0.5
11985,18,0.5
11985,54,0.5
11985,18,0.5
11985,54,0.5
11985,12,0.5
11985,48,0.5
11985,12,0.5
11985,48,0.5
11985,12,0.5
11985,48,0.5
11985,8,1.0
11985,8,0.5
11985,44,0.5
11985,12,1.0
11985,13,1.0
11985,13,0.5
11985,14,0.5
11985,12,1.0
11985,66,1.0
803,8,1.0
803,7,0.5
803,8,0.5
803,12,1.0
803,7,0.33333
803,8,0.33333
803,9,0.33333
803,36,1.0
803,36,1.0
803,67,1.0
803,8,0.33333
803,26,0.33333
803,44,0.33333
803,61,0.5
803,62,0.5
804,12,1.0
804,12,1.0
804,12,1.0
804,61,1.0
804,7,1.0
804,7,1.0
804,12,1.0
804,7,0.5
804,8,0.5
804,12,1.0
804,7,1.0
804,12,1.0
804,12,1.0
804,12,1.0
804,6,1.0
804,12,1.0
804,12,1.0
804,7,0.5
804,8,0.5
804,7,1.0
804,12,1.0
804,8,1.0
804,7,1.0
804,8,1.0
804,7,1.0
804,12,1.0
804,7,1.0
804,12,1.0
804,8,1.0
804,7,1.0
804,7,1.0
804,7,1.0
804,7,1.0
804,12,1.0
804,7,1.0
804,12,1.0
804,12,1.0
804,7,1.0
804,7,1.0
805,11,1.0
12102,7,0.5
12102,11,0.5
12102,11,1.0
12102,11,1.0
12102,17,1.0
12102,65,1.0
12102,17,1.0
12102,17,1.0
12102,17,1.0
12102,17,1.0
12102,17,1.0
12102,11,1.0
12102,11,1.0
12102,11,1.0
12102,11,1.0
12102,11,1.0
12102,17,1.0
12102,7,0.5
12102,43,0.5
12102,17,1.0
12102,17,1.0
12102,17,1.0
12102,17,1.0
12102,17,1.0
12102,17,1.0
12102,11,1.0
12102,17,1.0
12102,17,1.0
12102,17,1.0
12102,17,1.0
12102,71,1.0
12102,17,1.0
12102,17,1.0
12102,7,0.5
12102,11,0.5
12102,17,1.0
12102,17,1.0
12102,17,1.0
12102,17,1.0
12102,62,0.5
12102,65,0.5
12102,65,1.0
806,61,1.0
806,7,0.5
806,8,0.5
806,12,1.0
806,61,1.0
806,24,1.0
806,30,1.0
806,66,1.0
806,12,1.0
806,61,1.0
806,12,1.0
806,12,1.0
806,7,1.0
806,61,1.0
806,43,1.0
806,60,1.0
806,12,1.0
806,61,0.33333
806,62,0.33333
806,63,0.33333
806,12,1.0
806,61,0.33333
806,62,0.33333
806,63,0.33333
806,67,1.0
806,12,0.5
806,48,0.5
806,12,0.5
806,48,0.5
806,7,0.5
806,43,0.5
806,12,0.5
806,48,0.5
806,12,0.5
806,48,0.5
806,66,1.0
806,12,1.0
806,8,1.0
806,7,0.5
806,8,0.5
806,7,0.5
806,8,0.5
806,7,0.5
806,8,0.5
806,8,1.0
806,8,0.5
806,9,0.5
810,7,1.0
810,7,1.0
810,61,0.33333
810,62,0.33333
810,63,0.33333
811,61,0.33333
811,62,0.33333
811,63,0.33333
811,61,0.5
811,62,0.5
818,61,1.0
818,6,1.0
818,12,1.0
818,61,1.0
818,12,1.0
818,7,1.0
818,7,0.33333
818,8,0.33333
818,9,0.33333
818,13,1.0
818,7,1.0
818,7,0.5
818,8,0.5
818,67,1.0
819,12,1.0
828,62,0.5
828,63,0.5
828,66,1.0
828,66,1.0
828,61,1.0
828,61,0.33333
828,62,0.33333
828,63,0.33333
831,7,1.0
831,12,1.0
831,12,1.0
831,7,1.0
831,13,1.0
831,7,1.0
831,12,1.0
831,7,1.0
831,61,0.33333
831,62,0.33333
831,63,0.33333
832,12,1.0
832,7,1.0
832,7,1.0
832,60,1.0
832,8,1.0
838,43,1.0
842,61,0.5
842,62,0.5
842,61,1.0
842,62,0.5
842,66,0.5
842,61,0.5
842,63,0.5
842,66,1.0
842,7,0.5
842,12,0.5
842,7,1.0
842,13,0.5
842,14,0.5
842,13,0.5
842,14,0.5
842,7,1.0
842,8,0.5
842,12,0.5
842,7,1.0
842,7,1.0
842,8,1.0
842,12,1.0
842,7,0.5
842,8,0.5
842,7,1.0
842,7,1.0
842,7,1.0
842,7,0.33333
842,8,0.33333
842,10,0.33333
842,8,1.0
842,7,0.5
842,8,0.5
842,9,1.0
842,8,0.5
842,9,0.5
842,7,0.33333
842,8,0.33333
842,9,0.33333
842,7,0.5
842,8,0.5
842,12,1.0
842,7,0.33333
842,8,0.33333
842,9,0.33333
842,7,0.5
842,8,0.5
842,8,1.0
842,67,1.0
842,67,1.0
12298,61,1.0
12298,62,1.0
12298,61,1.0
12298,66,1.0
853,62,1.0
853,62,1.0
853,61,0.33333
853,62,0.33333
853,63,0.33333
853,61,1.0
853,12,0.5
853,30,0.5
853,18,1.0
853,18,1.0
853,12,1.0
853,18,1.0
853,12,1.0
853,12,1.0
853,12,1.0
853,12,1.0
853,7,0.5
853,25,0.5
853,12,1.0
853,12,0.5
853,30,0.5
853,7,0.5
853,8,0.5
853,61,0.5
853,62,0.5
853,7,1.0
853,13,1.0
853,13,1.0
853,7,1.0
853,12,1.0
853,7,1.0
853,7,1.0
853,7,1.0
853,7,1.0
853,12,1.0
853,7,1.0
853,7,1.0
853,7,1.0
853,61,1.0
853,9,1.0
853,61,1.0
859,72,1.0
859,12,1.0
859,7,0.5
859,8,0.5
859,7,0.5
859,8,0.5
860,6,1.0
860,12,1.0
860,9,1.0
860,7,1.0
860,8,0.5
860,9,0.5
860,12,1.0
860,12,1.0
860,8,1.0
860,62,1.0
860,8,1.0
860,8,1.0
860,62,1.0
861,12,1.0
861,61,1.0
861,25,1.0
861,30,1.0
861,61,1.0
861,61,1.0
861,7,0.5
861,8,0.5
862,7,1.0
862,61,1.0
862,7,1.0
862,7,1.0
862,7,1.0
862,30,1.0
862,7,0.5
862,8,0.5
862,7,1.0
863,61,1.0
863,7,0.5
863,8,0.5
864,61,1.0
864,7,0.5
864,8,0.5
864,12,1.0
864,8,0.33333
864,9,0.33333
864,10,0.33333
864,12,1.0
864,66,1.0
864,61,1.0
866,7,1.0
866,12,1.0
866,7,0.5
866,8,0.5
866,7,1.0
866,12,1.0
866,7,1.0
866,12,1.0
866,12,1.0
866,61,1.0
866,7,0.5
866,8,0.5
866,14,1.0
866,7,1.0
866,7,0.5
866,8,0.5
869,12,1.0
869,8,1.0
869,12,1.0
869,12,1.0
869,8,1.0
869,65,1.0
869,62,0.5
869,65,0.5
869,71,1.0
869,12,1.0
869,7,0.5
869,9,0.5
16240,12,1.0
16240,12,1.0
873,12,1.0
873,1,1.0
874,63,1.0
875,8,1.0
875,61,0.33333
875,62,0.33333
875,63,0.33333
875,6,1.0
875,7,1.0
875,8,1.0
875,7,0.5
875,8,0.5
875,12,1.0
875,7,1.0
875,7,0.5
875,8,0.5
875,8,0.5
875,9,0.5
875,9,0.5
875,12,0.5
875,61,0.5
875,62,0.5
875,12,1.0
875,8,1.0
876,61,1.0
876,67,0.5
876,68,0.5
12380,12,1.0
12380,7,0.5
12380,8,0.5
12380,7,0.5
12380,8,0.5
12380,12,1.0
12380,9,1.0
12380,61,0.5
12380,62,0.5
12380,12,1.0
12380,8,1.0
15593,7,0.5
15593,8,0.5
15593,12,1.0
15593,12,1.0
15593,61,0.5
15593,62,0.5
15593,12,1.0
15593,8,1.0
15593,61,1.0
15593,61,0.33333
15593,62,0.33333
15593,64,0.33333
16562,12,1.0
16562,8,1.0
879,7,1.0
879,7,1.0
879,7,0.33333
879,8,0.33333
879,9,0.33333
879,14,1.0
879,8,1.0
879,61,1.0
879,12,1.0
879,12,1.0
879,12,1.0
880,7,1.0
880,7,0.33333
880,8,0.33333
880,9,0.33333
880,14,1.0
880,8,1.0
880,61,1.0
880,12,1.0
880,12,1.0
880,12,1.0
881,7,1.0
881,7,0.33333
881,8,0.33333
881,9,0.33333
881,14,1.0
881,8,1.0
881,61,1.0
881,12,1.0
881,12,1.0
881,12,1.0
882,72,1.0
882,7,0.5
882,8,0.5
882,7,1.0
882,18,1.0
882,6,1.0
882,6,1.0
882,12,1.0
882,7,0.5
882,8,0.5
882,7,0.5
882,8,0.5
882,14,1.0
882,8,1.0
882,18,1.0
882,18,1.0
882,18,1.0
882,14,1.0
882,13,0.5
882,14,0.5
882,13,1.0
890,61,1.0
890,61,1.0
895,55,1.0
895,7,1.0
895,7,0.5
895,8,0.5
896,12,1.0
896,7,1.0
897,12,1.0
897,12,1.0
897,12,1.0
897,7,0.5
897,9,0.5
897,7,1.0
897,61,0.5
897,63,0.5
897,66,1.0
11977,62,0.5
11977,64,0.5
11977,62,1.0
11977,8,1.0
11977,8,1.0
11977,8,1.0
11805,6,1.0
11805,7,1.0
11805,48,1.0
11805,12,0.5
11805,48,0.5
11805,43,1.0
11805,61,1.0
11805,62,1.0
11978,44,1.0
11978,61,0.5
11978,62,0.5
11979,61,0.5
11979,63,0.5
11979,66,1.0
11979,62,1.0
11979,61,1.0
12413,6,1.0
12413,12,1.0
12413,7,0.5
12413,8,0.5
12413,7,1.0
12413,7,0.5
12413,8,0.5
12413,6,1.0
12413,8,1.0
12413,7,1.0
12413,8,1.0
12413,12,1.0
12413,7,0.5
12413,8,0.5
12413,13,1.0
12413,8,1.0
12413,7,1.0
12413,8,1.0
12413,8,1.0
12413,7,1.0
12413,8,1.0
12413,8,1.0
12413,8,1.0
12413,8,1.0
12413,13,0.5
12413,14,0.5
12413,14,1.0
12413,14,1.0
12413,8,1.0
12413,7,0.5
12413,8,0.5
12413,14,1.0
12413,12,1.0
12413,12,1.0
12413,7,0.5
12413,43,0.5
12413,12,1.0
12413,7,0.5
12413,8,0.5
12413,7,0.5
12413,8,0.5
12413,12,1.0
12413,8,1.0
12413,8,1.0
12413,8,1.0
12413,8,1.0
12413,8,1.0
12413,8,1.0
12413,12,1.0
12413,62,1.0
12413,7,0.5
12413,43,0.5
12413,26,1.0
12413,62,1.0
12413,14,1.0
12413,32,1.0
12413,14,1.0
15195,7,0.5
15195,43,0.5
15195,13,0.5
15195,49,0.5
15195,14,0.5
15195,50,0.5
15195,14,0.5
15195,50,0.5
15195,12,0.5
15195,48,0.5
17033,7,0.33333
17033,8,0.33333
17033,9,0.33333
11980,12,1.0
11980,7,1.0
11980,7,1.0
11980,12,1.0
11980,7,1.0
11980,12,1.0
11980,61,1.0
14059,61,1.0
14059,7,0.5
14059,8,0.5
14059,6,1.0
14059,6,1.0
14059,12,1.0
14059,8,1.0
14059,12,1.0
14059,8,1.0
14059,8,1.0
14059,8,1.0
14059,66,1.0
14059,8,1.0
14059,8,1.0
14059,12,1.0
14059,66,1.0
14059,62,1.0
14059,7,1.0
14059,18,1.0
14059,8,1.0
14059,18,1.0
14059,7,1.0
14059,8,1.0
14059,8,1.0
14059,8,1.0
14059,8,1.0
14059,7,1.0
14059,61,1.0
14059,12,1.0
14059,13,1.0
14059,18,1.0
14059,7,1.0
14059,12,1.0
14059,13,1.0
14059,13,1.0
14059,7,0.5
14059,8,0.5
14059,2,0.5
14059,3,0.5
14059,65,1.0
14059,12,1.0
14059,66,1.0
14059,66,1.0
14059,7,1.0
14059,67,1.0
14059,2,1.0
14059,66,1.0
14059,14,1.0
14059,14,1.0
14059,14,1.0
14059,14,1.0
14059,14,1.0
14059,14,1.0
14059,14,1.0
14059,13,1.0
14059,14,1.0
14059,13,0.33333
14059,15,0.33333
14059,16,0.33333
14059,14,1.0
14059,13,1.0
14059,12,1.0
14059,14,1.0
14059,13,1.0
14059,13,1.0
14059,13,1.0
14059,7,0.5
14059,8,0.5
14059,13,1.0
14059,17,1.0
14059,62,0.5
14059,66,0.5
14059,17,1.0
14059,8,0.5
14059,12,0.5
14059,8,0.5
14059,12,0.5
14059,12,1.0
14059,18,1.0
14059,8,1.0
14059,13,1.0
14059,8,0.5
14059,12,0.5
14059,8,0.5
14059,12,0.5
14059,61,0.5
14059,62,0.5
14059,13,1.0
14059,62,0.5
14059,66,0.5
14059,66,1.0
14059,13,1.0
14059,62,1.0
14059,13,1.0
14059,62,0.5
14059,66,0.5
14059,14,1.0
14059,14,1.0
14059,14,1.0
14059,14,1.0
14059,8,0.33333
14059,9,0.33333
14059,12,0.33333
14059,68,1.0
14059,14,1.0
14059,12,1.0
15225,62,1.0
11986,12,1.0
11986,7,1.0
11986,12,1.0
15108,61,1.0
15108,62,1.0
14244,43,1.0
14244,66,1.0
14244,12,0.5
14244,30,0.5
14244,12,1.0
14244,25,1.0
11545,12,1.0
11545,8,1.0
11545,8,1.0
11545,12,1.0
11545,12,1.0
11545,12,0.5
11545,30,0.5
11545,12,1.0
15895,6,1.0
15895,12,1.0
15895,12,1.0
15895,66,1.0
15895,61,1.0
15895,61,1.0
15895,12,1.0
12391,12,1.0
12391,7,1.0
12391,7,0.5
12391,8,0.5
12391,12,1.0
12391,9,1.0
12391,61,0.5
12391,62,0.5
12391,12,1.0
12391,8,1.0
5175,48,1.0
5175,48,1.0
5175,43,0.33333
5175,44,0.33333
5175,45,0.33333
5175,43,0.5
5175,44,0.5
5176,30,0.5
5176,48,0.5
5176,48,1.0
5176,8,0.33333
5176,26,0.33333
5176,44,0.33333
5176,48,1.0
5176,44,1.0
5176,44,1.0
5176,48,1.0
5176,44,1.0
5177,43,1.0
5177,30,1.0
5177,48,1.0
5178,26,1.0
5178,30,1.0
5179,30,0.5
5179,48,0.5
5180,27,1.0
5180,27,1.0
5180,30,1.0
5181,48,1.0
5181,44,1.0
5181,44,1.0
5182,61,1.0
5182,48,1.0
5182,30,1.0
5182,25,1.0
5184,43,1.0
5185,12,0.33333
5185,30,0.33333
5185,48,0.33333
5191,12,0.5
5191,30,0.5
5191,44,1.0
5191,30,1.0
5191,12,0.5
5191,30,0.5
5191,30,1.0
5192,30,1.0
5192,30,1.0
5192,43,0.5
5192,44,0.5
5192,30,1.0
5192,12,0.5
5192,48,0.5
5194,43,1.0
5194,43,0.5
5194,44,0.5
5194,43,1.0
5199,66,1.0
5199,30,1.0
5199,26,1.0
5202,43,1.0
5202,61,1.0
5202,26,1.0
5202,62,1.0
5203,66,1.0
5204,30,1.0
5204,12,0.5
5204,30,0.5
5204,30,1.0
5204,7,0.125
5204,8,0.125
5204,9,0.125
5204,10,0.125
5204,25,0.125
5204,26,0.125
5204,27,0.125
5204,28,0.125
5204,7,0.5
5204,25,0.5
5204,8,1.0
5204,44,1.0
5204,8,0.5
5204,10,0.5
5204,8,1.0
5205,8,0.33333
5205,26,0.33333
5205,44,0.33333
5206,48,1.0
5206,30,1.0
5207,30,1.0
5207,8,0.5
5207,44,0.5
5207,27,1.0
5208,48,1.0
5208,64,1.0
5209,25,0.5
5209,26,0.5
5210,7,0.25
5210,8,0.25
5210,25,0.25
5210,26,0.25
5213,61,1.0
5213,48,1.0
5213,62,1.0
5214,30,1.0
5215,43,1.0
5215,66,1.0
5215,43,1.0
5218,61,0.5
5218,62,0.5
5218,7,0.25
5218,10,0.25
5218,25,0.25
5218,28,0.25
5220,43,1.0
5220,43,1.0
5220,62,1.0
5220,30,1.0
5221,30,1.0
5221,25,0.5
5221,26,0.5
5221,25,1.0
5221,30,1.0
5223,63,1.0
5223,61,1.0
5223,66,1.0
5223,26,1.0
5223,9,1.0
5223,30,1.0
5223,12,0.5
5223,48,0.5
5223,6,0.5
5223,24,0.5
5223,7,0.5
5223,25,0.5
5223,12,0.5
5223,48,0.5
5223,8,1.0
5223,12,1.0
5223,12,1.0
5223,10,0.5
5223,28,0.5
5223,12,0.5
5223,30,0.5
5223,12,0.5
5223,30,0.5
5223,48,1.0
5223,48,1.0
5223,12,0.5
5223,48,0.5
5223,48,1.0
5223,48,1.0
5223,26,0.5
5223,27,0.5
5223,30,1.0
5223,12,0.33333
5223,30,0.33333
5223,48,0.33333
5223,8,0.5
5223,44,0.5
5223,30,1.0
5223,28,1.0
5223,30,1.0
5224,44,0.5
5224,46,0.5
5225,62,1.0
5225,8,0.5
5225,26,0.5
5225,25,1.0
5225,7,1.0
5230,48,1.0
5230,48,1.0
5230,9,1.0
5230,62,1.0
5235,12,1.0
5235,30,1.0
5235,30,1.0
5235,66,1.0
5235,30,1.0
5236,30,0.5
5236,48,0.5
5237,8,0.33333
5237,26,0.33333
5237,44,0.33333
5238,43,1.0
5238,43,0.5
5238,44,0.5
5239,26,1.0
5239,8,0.5
5239,44,0.5
5239,8,0.5
5239,44,0.5
5240,44,1.0
5240,43,1.0
5240,12,0.33333
5240,30,0.33333
5240,48,0.33333
5241,43,1.0
5241,61,1.0
5241,30,0.5
5241,48,0.5
5241,25,1.0
5241,26,0.5
5241,44,0.5
5241,44,0.5
5241,45,0.5
5241,30,1.0
5241,62,1.0
5241,44,1.0
5241,8,0.5
5241,26,0.5
5241,7,0.25
5241,8,0.25
5241,25,0.25
5241,26,0.25
5242,30,1.0
5242,66,1.0
5242,63,0.5
5242,66,0.5
5242,66,1.0
5243,25,0.5
5243,27,0.5
5243,9,0.5
5243,27,0.5
5243,12,1.0
5243,10,1.0
5244,27,1.0
5244,30,1.0
5245,26,1.0
5245,30,0.5
5245,48,0.5
5245,26,1.0
5245,30,1.0
5245,66,1.0
5245,66,1.0
5245,62,1.0
5245,12,0.33333
5245,30,0.33333
5245,48,0.33333
5245,48,1.0
5245,8,1.0
5245,8,1.0
5245,8,0.5
5245,44,0.5
5245,8,1.0
5245,48,1.0
5245,30,1.0
5245,44,1.0
5245,8,1.0
5245,9,1.0
5246,30,1.0
5246,30,1.0
5246,30,1.0
5246,8,1.0
5247,26,1.0
5247,30,1.0
5247,25,1.0
5247,26,1.0
5247,25,0.5
5247,26,0.5
5247,27,1.0
5247,30,1.0
5247,30,1.0
5247,48,1.0
5247,48,1.0
5247,43,1.0
5247,30,1.0
5247,62,1.0
5247,25,0.5
5247,26,0.5
5247,12,0.33333
5247,30,0.33333
5247,48,0.33333
5247,8,1.0
5247,8,1.0
5247,30,1.0
5247,26,1.0
5247,8,0.5
5247,44,0.5
5247,30,1.0
5247,30,1.0
5247,48,1.0
5247,8,1.0
5247,26,1.0
5247,12,1.0
5247,30,1.0
5247,12,0.33333
5247,30,0.33333
5247,48,0.33333
5247,9,1.0
5248,30,1.0
5248,63,1.0
5248,45,1.0
5248,12,1.0
5248,43,0.33333
5248,44,0.33333
5248,45,0.33333
5248,20,1.0
5248,7,0.5
5248,8,0.5
5248,8,1.0
5248,7,0.5
5248,8,0.5
5248,43,1.0
5248,7,0.25
5248,11,0.25
5248,43,0.25
5248,47,0.25
5248,7,0.11111
5248,8,0.11111
5248,11,0.11111
5248,25,0.11111
5248,26,0.11111
5248,29,0.11111
5248,43,0.11111
5248,44,0.11111
5248,47,0.11111
5248,7,0.5
5248,8,0.5
5248,26,1.0
5248,62,1.0
5248,13,0.5
5248,14,0.5
5248,25,1.0
5248,7,0.5
5248,25,0.5
5248,12,0.5
5248,30,0.5
5248,8,0.33333
5248,26,0.33333
5248,44,0.33333
5248,30,1.0
5248,12,1.0
5248,30,0.5
5248,48,0.5
5248,30,1.0
5248,30,1.0
5248,12,0.33333
5248,30,0.33333
5248,48,0.33333
5249,8,1.0
5249,8,1.0
5249,7,0.5
5249,8,0.5
5250,63,1.0
5250,26,0.5
5250,27,0.5
5252,66,1.0
5252,30,1.0
5252,43,0.5
5252,44,0.5
5252,48,1.0
5252,48,1.0
5252,50,1.0
5252,25,0.5
5252,27,0.5
5252,26,0.33333
5252,27,0.33333
5252,28,0.33333
5253,25,1.0
5253,25,1.0
5253,30,1.0
5253,30,1.0
5253,30,1.0
5253,30,1.0
5253,25,0.5
5253,26,0.5
5253,26,1.0
5253,30,1.0
5253,25,1.0
5253,25,1.0
5253,25,1.0
5253,61,1.0
5253,25,1.0
5253,26,1.0
5253,25,1.0
5253,26,1.0
5253,26,0.5
5253,27,0.5
5253,30,1.0
5253,30,1.0
5253,26,0.5
5253,28,0.5
5253,43,1.0
5253,26,1.0
5253,66,1.0
5256,30,1.0
5256,25,0.5
5256,26,0.5
5256,62,1.0
5261,48,1.0
5261,12,1.0
5261,8,0.5
5261,26,0.5
5261,62,0.5
5261,64,0.5
5261,46,1.0
5264,7,0.5
5264,8,0.5
5264,7,1.0
5266,48,1.0
5266,12,0.5
5266,48,0.5
5266,30,1.0
5266,12,0.5
5266,30,0.5
5266,8,1.0
5266,8,0.5
5266,26,0.5
5267,12,1.0
5268,12,0.5
5268,48,0.5
5268,30,1.0
5268,25,1.0
5268,30,1.0
5268,30,1.0
5268,30,1.0
5268,30,1.0
5268,7,0.5
5268,43,0.5
5268,30,1.0
5270,43,1.0
5270,7,0.25
5270,9,0.25
5270,25,0.25
5270,27,0.25
5270,8,0.5
5270,26,0.5
5270,8,0.33333
5270,26,0.33333
5270,44,0.33333
5270,2,0.16667
5270,4,0.16667
5270,20,0.16667
5270,22,0.16667
5270,38,0.16667
5270,40,0.16667
5270,7,0.25
5270,8,0.25
5270,25,0.25
5270,26,0.25
5270,7,0.33333
5270,25,0.33333
5270,43,0.33333
5270,30,0.5
5270,48,0.5
5270,48,1.0
5270,25,0.25
5270,28,0.25
5270,43,0.25
5270,46,0.25
5270,9,0.5
5270,27,0.5
5270,12,0.5
5270,48,0.5
5270,7,1.0
5270,8,1.0
5270,62,1.0
5270,44,1.0
5270,8,0.5
5270,10,0.5
5270,8,1.0
5271,7,1.0
5275,12,0.5
5275,48,0.5
5276,45,1.0
5276,7,0.5
5276,25,0.5
5276,12,0.5
5276,30,0.5
5276,66,1.0
5276,7,1.0
5276,28,1.0
5276,30,1.0
5276,28,1.0
5276,25,0.5
5276,26,0.5
5276,12,0.5
5276,30,0.5
5276,8,0.5
5276,26,0.5
5276,7,0.5
5276,8,0.5
5276,8,0.5
5276,26,0.5
5276,30,1.0
5276,7,0.33333
5276,8,0.33333
5276,10,0.33333
5276,12,1.0
5276,66,1.0
5276,30,1.0
5276,62,1.0
5279,48,1.0
5280,61,1.0
5282,8,0.5
5282,26,0.5
5282,30,0.5
5282,48,0.5
5282,12,1.0
5282,62,1.0
5282,12,0.5
5282,48,0.5
5282,48,1.0
5282,48,1.0
5282,48,1.0
5282,30,1.0
5282,66,1.0
5282,8,1.0
5282,8,0.5
5282,26,0.5
5282,46,1.0
5282,26,0.5
5282,44,0.5
5282,8,0.5
5282,26,0.5
5282,48,1.0
5282,48,1.0
5282,12,0.5
5282,48,0.5
5282,48,1.0
5282,48,1.0
5282,27,1.0
5282,30,1.0
5282,12,0.33333
5282,30,0.33333
5282,48,0.33333
5284,55,0.5
5284,60,0.5
5284,26,0.5
5284,27,0.5
5284,48,1.0
5284,7,1.0
5284,7,0.25
5284,9,0.25
5284,43,0.25
5284,45,0.25
5284,12,1.0
5284,7,0.5
5284,8,0.5
5284,30,1.0
5284,48,1.0
5284,45,1.0
5284,66,1.0
5285,66,1.0
5286,26,0.5
5286,44,0.5
5288,26,1.0
5288,25,0.5
5288,26,0.5
5288,25,0.5
5288,27,0.5
5291,8,0.5
5291,26,0.5
5291,48,1.0
5291,48,1.0
5291,12,0.5
5291,48,0.5
5291,48,1.0
5291,48,1.0
5291,27,1.0
5291,30,1.0
5291,12,0.33333
5291,30,0.33333
5291,48,0.33333
5292,46,1.0
5292,26,0.5
5292,44,0.5
5293,44,0.33333
5293,45,0.33333
5293,46,0.33333
5293,26,1.0
5293,30,1.0
5293,30,1.0
5293,30,1.0
5293,30,0.5
5293,48,0.5
5293,66,1.0
5293,66,1.0
5296,62,1.0
5297,26,0.5
5297,44,0.5
5297,12,0.5
5297,30,0.5
5297,30,0.5
5297,48,0.5
5297,8,0.25
5297,10,0.25
5297,44,0.25
5297,46,0.25
5297,62,1.0
5297,8,0.5
5297,44,0.5
5298,48,1.0
5298,66,1.0
5298,8,1.0
5299,18,1.0
5299,8,1.0
5299,7,1.0
5299,66,1.0
5299,8,0.5
5299,11,0.5
5299,66,1.0
5299,14,1.0
5299,14,1.0
5299,13,0.5
5299,14,0.5
5299,62,0.5
5299,63,0.5
5299,66,1.0
5299,7,0.33333
5299,8,0.33333
5299,10,0.33333
5299,18,1.0
5299,25,1.0
5301,66,1.0
5301,8,1.0
5301,7,0.33333
5301,8,0.33333
5301,12,0.33333
5301,44,1.0
5302,12,1.0
5302,7,1.0
5302,8,1.0
5302,14,1.0
5302,8,1.0
5302,7,1.0
5302,66,1.0
5302,8,1.0
5302,7,0.33333
5302,8,0.33333
5302,12,0.33333
5302,44,1.0
5303,27,1.0
5303,61,1.0
5303,25,1.0
5304,43,0.5
5304,44,0.5
5304,48,1.0
5304,43,0.5
5304,45,0.5
5304,43,1.0
5305,7,0.25
5305,9,0.25
5305,25,0.25
5305,27,0.25
5305,25,0.5
5305,27,0.5
5305,25,0.25
5305,26,0.25
5305,27,0.25
5305,28,0.25
5305,62,1.0
5305,63,1.0
5307,66,1.0
5307,12,1.0
5308,43,0.5
5308,44,0.5
5311,30,1.0
5313,12,0.5
5313,30,0.5
5313,12,0.5
5313,48,0.5
5313,12,0.5
5313,48,0.5
5313,25,1.0
5313,64,1.0
5313,28,1.0
5314,12,0.5
5314,30,0.5
5314,48,1.0
5314,28,0.5
5314,46,0.5
5314,30,1.0
5314,48,1.0
5314,43,0.5
5314,46,0.5
5314,66,1.0
5314,66,1.0
5314,66,1.0
5314,66,1.0
5314,48,1.0
5314,28,1.0
5314,30,1.0
5314,30,1.0
5314,12,0.5
5314,48,0.5
5314,30,1.0
5314,25,1.0
5314,45,1.0
5314,62,0.5
5314,64,0.5
5314,66,1.0
5314,66,1.0
5314,27,1.0
5314,66,1.0
5314,62,1.0
5314,8,0.5
5314,26,0.5
5314,26,1.0
5314,30,1.0
5314,12,0.33333
5314,30,0.33333
5314,48,0.33333
5314,7,0.5
5314,43,0.5
5314,7,0.5
5314,43,0.5
5314,30,1.0
5314,30,0.5
5314,48,0.5
5314,43,1.0
5314,8,0.5
5314,26,0.5
5314,67,1.0
5314,62,1.0
5314,12,1.0
5315,43,1.0
5315,43,0.5
5315,44,0.5
5316,48,1.0
5316,12,1.0
5316,12,0.5
5316,30,0.5
5333,25,0.5
5333,28,0.5
5334,25,1.0
5335,25,1.0
5335,25,0.5
5335,26,0.5
5335,25,1.0
5337,30,1.0
5341,61,1.0
5341,61,1.0
5341,54,1.0
5341,7,0.5
5341,43,0.5
5344,48,1.0
5344,8,0.25
5344,10,0.25
5344,44,0.25
5344,46,0.25
5345,48,1.0
5345,8,0.25
5345,10,0.25
5345,44,0.25
5345,46,0.25
5347,12,1.0
5348,18,1.0
5348,8,1.0
5348,8,0.5
5348,11,0.5
5348,7,0.33333
5348,8,0.33333
5348,12,0.33333
5348,14,1.0
5348,13,0.5
5348,14,0.5
5349,61,1.0
5349,66,1.0
5349,62,1.0
5350,62,0.5
5350,64,0.5
5350,62,0.5
5350,64,0.5
5351,30,1.0
5351,25,1.0
5351,30,0.5
5351,48,0.5
5351,25,0.25
5351,26,0.25
5351,43,0.25
5351,44,0.25
5351,48,1.0
5352,25,0.25
5352,26,0.25
5352,43,0.25
5352,44,0.25
5352,12,0.33333
5352,30,0.33333
5352,48,0.33333
5352,12,0.5
5352,30,0.5
5352,48,1.0
5352,48,1.0
5352,8,0.33333
5352,26,0.33333
5352,44,0.33333
5352,30,1.0
5352,25,1.0
5355,66,1.0
5355,66,1.0
5355,43,1.0
5355,30,1.0
5355,30,1.0
5356,30,1.0
5359,24,1.0
5359,30,1.0
5360,25,1.0
5360,26,1.0
5360,62,1.0
5360,12,0.5
5360,48,0.5
5360,27,1.0
5360,12,0.5
5360,48,0.5
5360,12,0.5
5360,48,0.5
5360,6,0.5
5360,42,0.5
5360,8,0.25
5360,9,0.25
5360,44,0.25
5360,45,0.25
5360,63,1.0
5360,12,0.5
5360,48,0.5
5371,54,1.0
5372,45,1.0
5372,72,1.0
5372,30,1.0
5372,48,1.0
5372,30,1.0
5372,66,1.0
5372,26,0.5
5372,44,0.5
5372,63,1.0
5373,12,1.0
5373,12,0.5
5373,30,0.5
5373,8,0.5
5373,26,0.5
5373,8,0.5
5373,26,0.5
5374,12,1.0
5374,12,0.5
5374,30,0.5
5374,8,0.5
5374,26,0.5
5374,8,0.5
5374,26,0.5
5374,30,1.0
5374,61,1.0
5375,30,1.0
5375,27,1.0
5375,30,1.0
5376,27,0.5
5376,45,0.5
5376,28,1.0
5376,12,0.5
5376,30,0.5
5376,8,0.5
5376,26,0.5
5376,8,0.5
5376,26,0.5
5377,30,0.5
5377,48,0.5
5377,44,1.0
5377,30,1.0
5377,48,1.0
5377,26,1.0
5377,26,1.0
5377,30,1.0
5377,30,1.0
5377,48,1.0
5377,25,0.5
5377,26,0.5
5377,62,1.0
5378,66,1.0
5378,30,0.5
5378,48,0.5
5378,66,1.0
5379,43,1.0
5379,30,1.0
5379,48,1.0
5379,30,1.0
5379,30,0.5
5379,48,0.5
5379,8,0.33333
5379,26,0.33333
5379,44,0.33333
5381,7,1.0
5381,7,1.0
5381,7,0.5
5381,8,0.5
5381,7,1.0
5381,12,1.0
5381,7,1.0
5381,7,1.0
5381,12,1.0
5381,7,1.0
5381,7,1.0
5381,7,1.0
5381,7,1.0
5381,7,1.0
5381,7,1.0
5381,7,1.0
5381,12,1.0
5381,7,1.0
5381,7,1.0
5381,7,1.0
5381,7,1.0
5381,8,1.0
5381,7,1.0
5381,7,0.5
5381,8,0.5
5381,8,1.0
5384,43,1.0
5384,44,1.0
5384,61,1.0
5384,43,1.0
5384,7,0.5
5384,43,0.5
5384,7,0.5
5384,43,0.5
5384,7,0.5
5384,43,0.5
5384,7,0.5
5384,43,0.5
5384,7,0.5
5384,43,0.5
5384,7,0.5
5384,43,0.5
5384,7,0.5
5384,43,0.5
5384,43,1.0
5384,44,1.0
5384,12,0.5
5384,48,0.5
5384,48,1.0
5384,7,0.5
5384,43,0.5
5384,12,0.5
5384,48,0.5
5384,43,1.0
5384,43,1.0
5384,43,1.0
5384,43,1.0
5384,49,1.0
5384,43,1.0
5384,61,1.0
5385,7,0.5
5385,8,0.5
5385,7,0.5
5385,8,0.5
5385,7,1.0
5385,62,1.0
5385,62,1.0
5386,7,0.5
5386,25,0.5
5386,7,0.5
5386,8,0.5
5386,8,1.0
5386,12,1.0
5386,61,0.5
5386,62,0.5
5386,7,1.0
5386,7,1.0
5386,13,0.5
5386,14,0.5
5387,7,1.0
5387,12,1.0
5387,7,0.33333
5387,8,0.33333
5387,9,0.33333
5387,12,1.0
5387,61,1.0
5387,7,0.5
5387,8,0.5
5387,13,1.0
5387,8,1.0
5387,12,1.0
5387,12,1.0
5388,7,1.0
5388,7,1.0
5388,13,0.5
5388,14,0.5
5389,12,1.0
5389,7,0.5
5389,8,0.5
5389,7,1.0
5389,7,0.5
5389,8,0.5
5389,8,1.0
5389,12,1.0
5389,7,1.0
5389,7,1.0
5389,14,1.0
5389,7,1.0
5389,7,1.0
5390,62,1.0
5390,62,1.0
5391,9,0.5
5391,27,0.5
5391,7,0.5
5391,25,0.5
5391,9,0.5
5391,27,0.5
5391,9,1.0
5391,12,0.5
5391,30,0.5
5396,25,0.25
5396,26,0.25
5396,43,0.25
5396,44,0.25
5396,26,0.25
5396,27,0.25
5396,44,0.25
5396,45,0.25
5397,30,1.0
5400,26,1.0
5400,30,1.0
5400,30,1.0
5400,26,1.0
5400,24,1.0
5400,62,1.0
5400,26,0.5
5400,44,0.5
5400,12,0.33333
5400,30,0.33333
5400,48,0.33333
5400,48,1.0
5400,8,1.0
5400,7,0.5
5400,8,0.5
5400,12,1.0
5402,25,1.0
5402,66,1.0
5402,25,1.0
5402,26,1.0
5402,26,1.0
5402,25,1.0
5402,25,1.0
5402,62,1.0
5402,43,1.0
5402,30,1.0
5402,26,1.0
5402,25,0.5
5402,26,0.5
5402,30,1.0
5402,30,1.0
5402,25,0.5
5402,26,0.5
5402,26,1.0
5402,26,1.0
5403,30,1.0
5403,26,1.0
5403,25,0.5
5403,27,0.5
5403,25,1.0
5403,30,1.0
5403,26,1.0
5403,26,1.0
5404,48,1.0
5404,30,1.0
5404,30,1.0
5404,25,1.0
5404,30,1.0
5404,25,1.0
5404,26,1.0
5404,26,0.5
5404,27,0.5
5404,30,1.0
5404,30,1.0
5404,48,1.0
5405,30,1.0
5405,26,1.0
5405,25,1.0
5405,63,1.0
5405,48,1.0
5405,30,1.0
5405,43,1.0
5405,26,0.5
5405,27,0.5
5405,30,1.0
5405,48,1.0
5405,26,1.0
5405,62,1.0
5405,26,1.0
5405,8,1.0
5405,30,1.0
5405,25,1.0
5405,62,1.0
5405,25,0.5
5405,26,0.5
5405,66,1.0
5405,25,0.5
5405,26,0.5
5405,48,1.0
5405,12,1.0
5405,25,0.5
5405,26,0.5
5405,25,1.0
5405,43,1.0
5405,26,1.0
5405,12,0.33333
5405,30,0.33333
5405,48,0.33333
5405,62,1.0
5405,9,1.0
5413,25,1.0
5413,43,1.0
5413,25,1.0
5413,62,1.0
5413,25,1.0
5413,26,0.5
5413,27,0.5
5413,30,1.0
5413,44,1.0
5414,30,1.0
5414,30,1.0
5414,30,1.0
5414,30,1.0
5414,25,0.5
5414,26,0.5
5414,26,1.0
5414,30,1.0
5414,25,1.0
5414,25,1.0
5414,25,1.0
5414,61,1.0
5414,25,1.0
5414,26,1.0
5414,25,1.0
5414,26,1.0
5414,26,0.5
5414,27,0.5
5414,30,1.0
5414,30,1.0
5414,26,0.5
5414,28,0.5
5414,43,1.0
5414,26,1.0
5414,44,1.0
5423,66,1.0
5423,66,1.0
5423,44,1.0
5424,48,1.0
5425,48,1.0
5425,62,1.0
5428,48,1.0
5428,61,0.5
5428,64,0.5
5429,61,0.33333
5429,62,0.33333
5429,64,0.33333
5431,48,1.0
5432,66,1.0
5432,43,0.5
5432,44,0.5
5433,48,1.0
5433,43,1.0
5433,43,0.5
5433,44,0.5
5434,7,1.0
5434,62,1.0
5436,48,1.0
5436,48,1.0
5436,62,0.5
5436,64,0.5
5436,61,1.0
5437,44,1.0
5437,43,0.5
5437,44,0.5
5438,7,0.25
5438,9,0.25
5438,43,0.25
5438,45,0.25
5438,7,0.25
5438,8,0.25
5438,43,0.25
5438,44,0.25
5438,12,0.5
5438,48,0.5
5438,26,0.5
5438,27,0.5
5439,8,1.0
5440,7,0.25
5440,9,0.25
5440,43,0.25
5440,45,0.25
5440,7,0.25
5440,8,0.25
5440,43,0.25
5440,44,0.25
5440,12,0.5
5440,48,0.5
5440,12,0.5
5440,48,0.5
5440,7,0.16667
5440,8,0.16667
5440,10,0.16667
5440,43,0.16667
5440,44,0.16667
5440,46,0.16667
5440,7,0.33333
5440,8,0.33333
5440,10,0.33333
5440,12,0.5
5440,48,0.5
5440,7,1.0
5440,7,0.5
5440,8,0.5
5440,72,1.0
5443,8,0.5
5443,9,0.5
5444,7,0.25
5444,9,0.25
5444,43,0.25
5444,45,0.25
5444,7,0.25
5444,8,0.25
5444,43,0.25
5444,44,0.25
5444,7,1.0
5444,61,0.5
5444,62,0.5
5444,12,0.5
5444,48,0.5
5445,7,0.5
5445,25,0.5
5445,8,1.0
5445,72,1.0
5445,8,1.0
5445,8,1.0
5446,61,1.0
5447,61,1.0
5448,48,1.0
5448,66,1.0
5449,25,1.0
5449,61,1.0
5449,61,1.0
5449,61,1.0
5449,62,1.0
5449,30,1.0
5449,62,1.0
5450,66,1.0
5450,61,0.5
5450,63,0.5
5450,61,1.0
5450,62,1.0
5450,66,1.0
5450,48,1.0
5450,66,1.0
5450,61,1.0
5450,61,1.0
5450,62,1.0
5450,30,1.0
5450,62,1.0
5450,62,1.0
5450,62,1.0
5450,66,1.0
5450,66,1.0
5450,62,1.0
5450,66,1.0
5450,66,1.0
5451,66,1.0
5452,30,0.5
5452,48,0.5
5453,30,1.0
5454,30,1.0
5454,66,1.0
5455,62,0.5
5455,64,0.5
5455,66,1.0
5455,61,1.0
5455,66,1.0
5455,48,1.0
5455,66,1.0
5458,30,1.0
5458,45,1.0
5458,63,1.0
5459,26,0.5
5459,27,0.5
5460,61,0.33333
5460,62,0.33333
5460,64,0.33333
5460,44,1.0
5460,44,0.33333
5460,45,0.33333
5460,46,0.33333
5460,44,1.0
5460,50,0.5
5460,52,0.5
5460,48,1.0
5460,48,1.0
5460,43,0.33333
5460,44,0.33333
5460,46,0.33333
5460,54,1.0
5460,43,1.0
5460,66,1.0
5460,18,0.5
5460,54,0.5
5460,48,1.0
5460,43,1.0
5460,30,1.0
5460,7,0.16667
5460,8,0.16667
5460,10,0.16667
5460,25,0.16667
5460,26,0.16667
5460,28,0.16667
5460,10,0.33333
5460,28,0.33333
5460,46,0.33333
5460,8,0.16667
5460,10,0.16667
5460,26,0.16667
5460,28,0.16667
5460,44,0.16667
5460,46,0.16667
5460,9,0.25
5460,10,0.25
5460,45,0.25
5460,46,0.25
5460,7,0.5
5460,8,0.5
5461,44,0.5
5461,46,0.5
5461,43,0.5
5461,46,0.5
5461,8,1.0
5461,12,1.0
5461,7,0.5
5461,25,0.5
5461,8,1.0
5462,30,1.0
5462,30,1.0
5462,30,1.0
5462,26,1.0
5462,8,0.5
5462,26,0.5
5463,25,0.5
5463,27,0.5
5463,25,0.16667
5463,26,0.16667
5463,27,0.16667
5463,43,0.16667
5463,44,0.16667
5463,45,0.16667
5463,12,0.5
5463,30,0.5
5463,7,1.0
5464,25,0.5
5464,43,0.5
5464,25,0.16667
5464,26,0.16667
5464,27,0.16667
5464,43,0.16667
5464,44,0.16667
5464,45,0.16667
5464,30,1.0
5464,66,1.0
5467,39,1.0
5467,12,0.5
5467,48,0.5
5467,7,0.5
5467,43,0.5
5467,12,0.5
5467,48,0.5
5467,7,1.0
5467,7,1.0
5467,61,1.0
5467,43,0.33333
5467,44,0.33333
5467,45,0.33333
5467,61,1.0
5467,61,0.5
5467,62,0.5
5471,25,1.0
5472,30,1.0
5474,61,0.5
5474,62,0.5
5474,30,0.5
5474,48,0.5
5474,61,1.0
5474,48,1.0
5475,67,1.0
5476,61,1.0
5476,7,0.5
5476,43,0.5
5476,12,0.5
5476,30,0.5
5476,62,1.0
5476,48,1.0
5476,12,0.5
5476,48,0.5
5476,66,1.0
5476,66,1.0
5476,48,1.0
5476,46,1.0
5476,43,1.0
5476,8,0.5
5476,44,0.5
5476,8,0.5
5476,44,0.5
5477,7,0.33333
5477,8,0.33333
5477,10,0.33333
5477,12,0.5
5477,30,0.5
5477,8,0.5
5477,44,0.5
5477,8,1.0
5477,12,0.5
5477,48,0.5
5477,44,1.0
5477,48,1.0
5477,48,1.0
5477,12,0.5
5477,48,0.5
5477,12,0.5
5477,48,0.5
5477,30,1.0
5477,62,0.5
5477,64,0.5
5478,66,1.0
5478,12,0.5
5478,48,0.5
5478,12,0.5
5478,48,0.5
5478,30,0.5
5478,48,0.5
5478,66,1.0
5478,66,1.0
5478,63,1.0
5479,12,0.5
5479,30,0.5
5479,48,1.0
5479,12,0.5
5479,30,0.5
5479,62,1.0
5479,66,1.0
5479,7,0.16667
5479,10,0.16667
5479,25,0.16667
5479,28,0.16667
5479,43,0.16667
5479,46,0.16667
5479,30,1.0
5479,48,1.0
5479,44,0.5
5479,46,0.5
5479,30,0.5
5479,48,0.5
5479,10,0.5
5479,46,0.5
5479,12,1.0
5480,30,0.5
5480,48,0.5
5480,62,1.0
5480,44,1.0
5487,12,0.5
5487,48,0.5
5487,8,1.0
5487,12,1.0
5487,8,0.5
5487,9,0.5
5487,12,1.0
5487,8,0.5
5487,9,0.5
5487,66,1.0
5487,12,1.0
5487,8,1.0
5487,12,1.0
5487,8,1.0
5487,12,1.0
5488,61,1.0
5488,62,1.0
5488,61,1.0
5488,62,1.0
5488,66,1.0
5489,48,1.0
5489,25,0.25
5489,27,0.25
5489,43,0.25
5489,45,0.25
5490,12,1.0
5490,12,0.33333
5490,30,0.33333
5490,48,0.33333
5490,8,0.5
5490,26,0.5
5491,28,1.0
5491,7,0.5
5491,25,0.5
5494,30,1.0
5494,25,1.0
5494,8,1.0
5498,25,0.25
5498,26,0.25
5498,43,0.25
5498,44,0.25
5498,25,1.0
5498,25,1.0
5499,48,1.0
5499,26,0.5
5499,27,0.5
5499,26,0.25
5499,28,0.25
5499,44,0.25
5499,46,0.25
5499,43,1.0
5499,7,0.25
5499,8,0.25
5499,43,0.25
5499,44,0.25
5500,9,1.0
5501,25,0.5
5501,26,0.5
5501,61,1.0
5501,48,1.0
5502,8,0.5
5502,26,0.5
5503,30,0.5
5503,48,0.5
5503,12,1.0
5503,8,1.0
5503,8,1.0
5504,12,1.0
5504,12,1.0
5504,12,1.0
5504,12,1.0
5504,12,1.0
5504,12,1.0
5504,12,1.0
5504,12,1.0
5504,12,1.0
5504,12,1.0
5504,12,1.0
5504,12,1.0
5505,45,1.0
5505,62,1.0
5505,30,1.0
5505,30,1.0
5505,26,1.0
5505,48,1.0
5505,48,1.0
5505,26,0.5
5505,44,0.5
5505,8,0.5
5505,44,0.5
5505,43,1.0
5505,61,0.33333
5505,62,0.33333
5505,63,0.33333
5505,26,1.0
5505,44,1.0
5505,30,1.0
5505,66,1.0
5505,61,1.0
5505,25,0.5
5505,43,0.5
5505,30,1.0
5505,66,1.0
5505,43,1.0
5505,30,1.0
5505,30,1.0
5505,44,0.5
5505,45,0.5
5505,26,1.0
5505,62,1.0
5505,62,1.0
5505,66,1.0
5505,66,1.0
5505,63,1.0
5505,26,0.25
5505,27,0.25
5505,44,0.25
5505,45,0.25
5505,62,0.5
5505,63,0.5
5505,48,1.0
5505,48,1.0
5505,44,1.0
5505,26,1.0
5505,66,1.0
5505,45,1.0
5505,48,1.0
5505,48,1.0
5505,48,1.0
5505,8,0.5
5505,44,0.5
5507,66,1.0
5510,61,1.0
5521,1,0.5
5521,2,0.5
5521,7,0.33333
5521,8,0.33333
5521,10,0.33333
5521,7,1.0
5525,48,1.0
5525,44,1.0
5525,12,0.5
5525,48,0.5
5525,12,0.5
5525,48,0.5
5525,12,0.33333
5525,30,0.33333
5525,48,0.33333
5527,7,0.25
5527,8,0.25
5527,43,0.25
5527,44,0.25
5527,7,0.5
5527,8,0.5
5527,26,1.0
5527,8,0.33333
5527,26,0.33333
5527,44,0.33333
5527,8,1.0
5527,25,1.0
5528,7,0.5
5528,43,0.5
5528,7,0.5
5528,8,0.5
5528,7,1.0
5528,26,1.0
5528,8,0.33333
5528,26,0.33333
5528,44,0.33333
5528,8,1.0
5529,7,0.5
5529,43,0.5
5529,7,0.5
5529,8,0.5
5529,7,0.5
5529,8,0.5
5529,26,1.0
5529,8,0.33333
5529,26,0.33333
5529,44,0.33333
5529,8,1.0
5529,25,1.0
5530,7,1.0
5533,61,1.0
5534,9,1.0
5534,8,1.0
5534,8,0.33333
5534,26,0.33333
5534,44,0.33333
5534,66,1.0
5534,28,1.0
5534,26,1.0
5534,26,0.5
5534,44,0.5
5534,30,1.0
5534,62,1.0
5534,30,1.0
5534,66,1.0
5534,48,1.0
5534,30,1.0
5534,30,1.0
5534,18,1.0
5534,30,1.0
5534,44,1.0
5534,26,1.0
5535,26,1.0
5535,36,1.0
5535,66,1.0
5535,45,1.0
5535,66,1.0
5535,66,1.0
5535,48,1.0
5536,26,0.5
5536,44,0.5
5536,12,1.0
5536,30,1.0
5536,45,1.0
5536,30,1.0
5536,48,1.0
5536,48,1.0
5536,25,0.5
5536,26,0.5
5536,30,1.0
5536,66,1.0
5536,8,0.33333
5536,26,0.33333
5536,44,0.33333
5536,62,1.0
5536,27,0.5
5536,45,0.5
5537,26,1.0
5538,28,1.0
5538,8,0.5
5538,26,0.5
5538,48,1.0
5538,48,1.0
5538,48,1.0
5538,48,1.0
5538,27,1.0
5538,12,0.33333
5538,30,0.33333
5538,48,0.33333
5540,48,1.0
5540,66,1.0
5540,30,1.0
5540,66,1.0
5541,66,1.0
5541,12,0.5
5541,48,0.5
5552,48,1.0
5553,28,1.0
5555,30,1.0
5555,48,1.0
5558,26,1.0
5558,30,1.0
5558,66,1.0
5558,26,0.5
5558,44,0.5
5558,30,0.5
5558,48,0.5
5558,26,0.5
5558,27,0.5
5558,30,1.0
5558,30,0.5
5558,48,0.5
5558,30,1.0
5558,30,1.0
5558,26,0.5
5558,28,0.5
5558,62,1.0
5558,12,1.0
5558,8,1.0
5558,12,1.0
5558,8,1.0
5558,8,1.0
5558,30,1.0
5558,8,1.0
5558,30,1.0
5558,66,1.0
5558,12,1.0
5558,30,1.0
5558,66,1.0
5558,7,1.0
5558,30,1.0
5558,30,1.0
5559,30,1.0
5559,66,1.0
5560,9,1.0
5561,12,0.5
5561,48,0.5
5561,48,1.0
5563,30,1.0
5563,25,0.5
5563,26,0.5
5563,26,0.5
5563,44,0.5
5563,30,0.5
5563,48,0.5
5563,30,1.0
5563,48,1.0
5563,25,0.5
5563,43,0.5
5563,30,1.0
5563,7,0.25
5563,8,0.25
5563,25,0.25
5563,26,0.25
5563,8,0.5
5563,26,0.5
5563,7,0.5
5563,25,0.5
5565,48,1.0
5565,26,1.0
5565,62,0.5
5565,64,0.5
5567,48,1.0
5567,30,1.0
5568,43,1.0
5570,48,1.0
5570,66,1.0
5570,48,1.0
5570,48,1.0
5570,8,1.0
5570,48,1.0
5570,48,1.0
5570,45,1.0
5572,30,0.5
5572,48,0.5
5579,25,1.0
5580,30,1.0
5580,48,1.0
5580,66,1.0
5580,12,1.0
5581,26,1.0
5582,30,1.0
5582,25,0.5
5582,26,0.5
5582,26,1.0
5582,25,1.0
5582,26,1.0
5582,26,1.0
5583,25,1.0
5583,30,1.0
5583,44,1.0
5583,26,1.0
5583,25,1.0
5583,61,0.5
5583,62,0.5
5583,26,0.5
5583,44,0.5
5583,30,1.0
5583,25,0.5
5583,26,0.5
5583,43,0.5
5583,44,0.5
5583,8,1.0
5583,48,1.0
5583,25,1.0
5583,12,1.0
5583,26,1.0
5583,62,1.0
5583,12,1.0
5583,12,1.0
5583,9,1.0
5583,62,0.5
5583,63,0.5
5584,30,1.0
5584,44,1.0
5584,48,1.0
5584,8,1.0
5584,8,0.25
5584,10,0.25
5584,26,0.25
5584,28,0.25
5584,7,0.25
5584,8,0.25
5584,25,0.25
5584,26,0.25
5584,12,1.0
5584,62,1.0
5584,62,0.5
5584,64,0.5
5584,7,0.25
5584,8,0.25
5584,25,0.25
5584,26,0.25
5584,7,0.16667
5584,8,0.16667
5584,10,0.16667
5584,25,0.16667
5584,26,0.16667
5584,28,0.16667
5584,7,0.25
5584,8,0.25
5584,43,0.25
5584,44,0.25
5584,12,0.5
5584,48,0.5
5584,12,1.0
5584,12,1.0
5584,7,0.5
5584,8,0.5
5584,48,1.0
5584,66,1.0
5584,7,0.5
5584,8,0.5
5584,8,0.25
5584,10,0.25
5584,44,0.25
5584,46,0.25
5584,8,0.5
5584,10,0.5
5584,7,0.5
5584,8,0.5
5584,12,1.0
5584,8,1.0
5584,8,0.5
5584,10,0.5
5584,8,1.0
5584,10,1.0
5585,30,0.5
5585,48,0.5
5586,30,1.0
5586,30,1.0
5594,7,1.0
5596,43,0.5
5596,44,0.5
5597,25,1.0
5597,62,1.0
5597,12,1.0
5598,43,0.5
5598,44,0.5
5598,25,0.33333
5598,26,0.33333
5598,27,0.33333
5605,62,1.0
5605,61,1.0
5606,43,1.0
5606,44,0.5
5606,45,0.5
5607,63,1.0
5607,48,1.0
5607,62,0.5
5607,63,0.5
5608,43,0.5
5608,44,0.5
5609,25,1.0
5609,43,1.0
5609,30,1.0
5609,43,1.0
5609,43,1.0
5609,43,0.5
5609,44,0.5
5609,25,1.0
5609,26,1.0
5609,25,1.0
5609,43,0.5
5609,44,0.5
5609,61,1.0
5609,25,1.0
5612,62,0.5
5612,64,0.5
5648,48,1.0
5648,30,1.0
5648,26,0.5
5648,44,0.5
5648,8,0.33333
5648,26,0.33333
5648,44,0.33333
5649,30,1.0
5649,45,1.0
5649,12,1.0
5649,30,1.0
5649,30,1.0
5649,7,0.5
5649,25,0.5
5649,7,0.33333
5649,8,0.33333
5649,10,0.33333
5649,9,1.0
5649,7,0.5
5649,25,0.5
5649,25,1.0
5649,7,0.5
5649,8,0.5
5649,8,0.5
5649,44,0.5
5649,7,0.16667
5649,8,0.16667
5649,10,0.16667
5649,25,0.16667
5649,26,0.16667
5649,28,0.16667
5649,8,0.5
5649,26,0.5
5649,8,0.5
5649,26,0.5
5649,8,1.0
5649,8,1.0
5649,8,0.5
5649,10,0.5
5649,8,1.0
5649,8,1.0
5649,8,0.5
5649,9,0.5
5649,8,1.0
5650,48,1.0
5650,43,1.0
5650,61,1.0
5653,30,1.0
9892,30,1.0
9892,66,1.0
10318,62,1.0
10318,7,0.33333
10318,25,0.33333
10318,43,0.33333
10318,8,0.33333
10318,26,0.33333
10318,44,0.33333
10318,8,0.33333
10318,26,0.33333
10318,44,0.33333
11433,25,0.5
11433,43,0.5
11433,25,0.5
11433,27,0.5
11441,25,0.5
11441,43,0.5
11548,66,1.0
11548,66,1.0
11548,66,1.0
11548,12,1.0
11548,62,1.0
11548,66,1.0
11548,62,1.0
11548,62,1.0
11548,61,0.5
11548,62,0.5
11682,66,1.0
11682,30,1.0
11682,48,1.0
11682,12,1.0
11735,26,1.0
11735,30,1.0
11735,26,1.0
11735,30,1.0
11735,66,1.0
11735,26,0.5
11735,44,0.5
11801,7,1.0
11801,61,1.0
11801,27,1.0
11801,8,0.5
11801,26,0.5
11801,7,0.25
11801,8,0.25
11801,25,0.25
11801,26,0.25
11801,8,1.0
11801,7,0.25
11801,8,0.25
11801,25,0.25
11801,26,0.25
11801,8,0.25
11801,10,0.25
11801,26,0.25
11801,28,0.25
11801,8,1.0
11801,8,0.11111
11801,9,0.11111
11801,10,0.11111
11801,26,0.11111
11801,27,0.11111
11801,28,0.11111
11801,44,0.11111
11801,45,0.11111
11801,46,0.11111
11801,7,0.16667
11801,8,0.16667
11801,10,0.16667
11801,43,0.16667
11801,44,0.16667
11801,46,0.16667
11801,54,1.0
11801,7,0.5
11801,8,0.5
11801,9,0.5
11801,27,0.5
11801,12,0.5
11801,30,0.5
11801,12,0.5
11801,30,0.5
11801,8,0.25
11801,9,0.25
11801,26,0.25
11801,27,0.25
11801,8,0.25
11801,9,0.25
11801,26,0.25
11801,27,0.25
11801,8,0.16667
11801,9,0.16667
11801,10,0.16667
11801,44,0.16667
11801,45,0.16667
11801,46,0.16667
11810,28,1.0
11821,7,0.25
11821,8,0.25
11821,43,0.25
11821,44,0.25
11821,7,0.5
11821,43,0.5
11821,7,0.5
11821,25,0.5
11942,62,1.0
11957,62,1.0
11957,7,1.0
12152,26,0.5
12152,44,0.5
12152,45,1.0
12154,25,1.0
12154,8,1.0
12154,9,1.0
12284,30,1.0
12284,25,1.0
12284,25,1.0
12284,9,1.0
12337,7,1.0
12337,61,0.5
12337,62,0.5
12337,25,1.0
12337,7,1.0
12337,7,0.5
12337,8,0.5
12337,7,1.0
12337,30,1.0
12337,25,1.0
12341,30,1.0
12341,30,1.0
12341,25,1.0
12341,25,1.0
12341,25,0.25
12341,26,0.25
12341,27,0.25
12341,28,0.25
12341,61,1.0
12341,26,0.5
12341,28,0.5
12341,26,0.5
12341,28,0.5
12341,12,1.0
12341,12,0.33333
12341,30,0.33333
12341,48,0.33333
12341,9,1.0
12378,6,1.0
12378,7,0.5
12378,25,0.5
12378,12,1.0
12378,8,1.0
12378,7,0.5
12378,8,0.5
12378,7,0.25
12378,8,0.25
12378,25,0.25
12378,26,0.25
12378,7,0.16667
12378,8,0.16667
12378,9,0.16667
12378,25,0.16667
12378,26,0.16667
12378,27,0.16667
12378,8,0.5
12378,44,0.5
12378,12,1.0
12378,8,1.0
12378,8,0.33333
12378,26,0.33333
12378,44,0.33333
12378,9,1.0
12378,8,0.33333
12378,26,0.33333
12378,44,0.33333
12378,7,0.25
12378,8,0.25
12378,43,0.25
12378,44,0.25
12378,30,1.0
12378,12,1.0
12378,7,0.25
12378,8,0.25
12378,25,0.25
12378,26,0.25
12378,8,0.5
12378,26,0.5
12378,8,1.0
12378,8,0.33333
12378,26,0.33333
12378,44,0.33333
12378,8,1.0
12378,13,0.11111
12378,14,0.11111
12378,16,0.11111
12378,31,0.11111
12378,32,0.11111
12378,34,0.11111
12378,49,0.11111
12378,50,0.11111
12378,52,0.11111
12384,7,0.33333
12384,25,0.33333
12384,43,0.33333
12384,7,0.5
12384,25,0.5
12384,7,0.5
12384,25,0.5
12384,7,0.25
12384,9,0.25
12384,25,0.25
12384,27,0.25
12384,61,1.0
12384,61,0.33333
12384,62,0.33333
12384,64,0.33333
12384,7,0.11111
12384,8,0.11111
12384,9,0.11111
12384,25,0.11111
12384,26,0.11111
12384,27,0.11111
12384,43,0.11111
12384,44,0.11111
12384,45,0.11111
12385,26,1.0
12387,9,1.0
12387,48,1.0
12388,7,0.33333
12388,25,0.33333
12388,43,0.33333
12388,7,0.33333
12388,25,0.33333
12388,43,0.33333
12388,30,0.5
12388,48,0.5
12388,7,0.16667
12388,8,0.16667
12388,9,0.16667
12388,43,0.16667
12388,44,0.16667
12388,45,0.16667
12400,25,1.0
12400,8,0.5
12400,9,0.5
12400,7,1.0
12400,66,1.0
12400,7,0.5
12400,25,0.5
12400,7,0.5
12400,25,0.5
12400,48,1.0
12400,7,0.5
12400,25,0.5
12400,7,0.5
12400,25,0.5
12410,30,1.0
12410,43,1.0
12410,66,1.0
12410,8,0.5
12410,9,0.5
12441,26,1.0
12441,26,1.0
12441,12,1.0
12464,25,1.0
12464,43,1.0
12464,30,1.0
12573,43,1.0
12573,43,1.0
12573,12,1.0
12573,12,1.0
12589,12,1.0
12589,7,0.5
12589,8,0.5
12589,67,1.0
12589,7,0.5
12589,8,0.5
12589,61,0.5
12589,62,0.5
12589,62,1.0
12589,8,1.0
12589,66,1.0
12589,14,1.0
12589,8,1.0
12589,62,1.0
12589,66,1.0
12589,62,1.0
12589,12,1.0
12589,7,0.5
12589,8,0.5
12589,12,1.0
12589,12,1.0
12696,48,1.0
12696,30,1.0
12696,30,1.0
12696,8,0.33333
12696,26,0.33333
12696,44,0.33333
12696,72,1.0
12703,43,1.0
13813,25,1.0
14009,25,1.0
14009,62,1.0
14009,26,0.5
14009,44,0.5
14009,8,1.0
14009,30,1.0
14009,12,1.0
14009,30,1.0
14009,12,1.0
14036,8,0.33333
14036,26,0.33333
14036,44,0.33333
14036,62,1.0
14036,26,1.0
14036,26,1.0
14036,26,1.0
14036,26,1.0
14036,26,1.0
14036,26,1.0
14036,26,1.0
14036,44,1.0
14036,44,1.0
14036,26,1.0
14036,26,1.0
14036,26,1.0
14036,26,1.0
14036,26,1.0
14036,26,0.5
14036,44,0.5
14036,8,0.5
14036,26,0.5
14036,8,0.33333
14036,26,0.33333
14036,44,0.33333
14036,26,1.0
14044,27,1.0
14044,25,1.0
14044,25,0.5
14044,43,0.5
14044,43,1.0
14044,43,1.0
14044,44,1.0
14053,8,1.0
14053,63,1.0
14053,25,1.0
14053,25,0.33333
14053,26,0.33333
14053,27,0.33333
14053,61,1.0
14053,61,1.0
14053,62,0.5
14053,63,0.5
14053,43,1.0
14053,7,0.5
14053,43,0.5
14053,7,0.5
14053,43,0.5
14053,6,0.5
14053,42,0.5
14053,8,0.16667
14053,9,0.16667
14053,26,0.16667
14053,27,0.16667
14053,44,0.16667
14053,45,0.16667
14053,61,1.0
14053,8,0.5
14053,26,0.5
14053,12,1.0
14053,61,1.0
14053,61,1.0
14053,30,1.0
14053,61,1.0
14053,7,1.0
14053,25,1.0
14053,61,0.33333
14053,62,0.33333
14053,63,0.33333
14061,7,1.0
14061,12,1.0
14061,12,1.0
14092,8,1.0
14237,61,0.5
14237,62,0.5
14251,43,1.0
14251,48,1.0
14251,61,1.0
14251,66,1.0
14251,66,1.0
14251,61,1.0
14251,66,1.0
14251,62,1.0
14287,30,1.0
14287,7,0.25
14287,9,0.25
14287,25,0.25
14287,27,0.25
14287,9,0.5
14287,27,0.5
14287,9,1.0
14287,12,0.5
14287,30,0.5
14287,7,0.16667
14287,8,0.16667
14287,25,0.16667
14287,26,0.16667
14287,43,0.16667
14287,44,0.16667
14288,48,1.0
14288,8,0.33333
14288,26,0.33333
14288,44,0.33333
14288,8,0.5
14288,44,0.5
14288,8,1.0
14318,8,1.0
14318,61,0.33333
14318,62,0.33333
14318,64,0.33333
14318,8,0.33333
14318,26,0.33333
14318,44,0.33333
14318,7,0.25
14318,8,0.25
14318,43,0.25
14318,44,0.25
14318,30,1.0
14318,12,1.0
14318,25,0.16667
14318,26,0.16667
14318,28,0.16667
14318,43,0.16667
14318,44,0.16667
14318,46,0.16667
14318,8,1.0
14318,13,0.11111
14318,14,0.11111
14318,16,0.11111
14318,31,0.11111
14318,32,0.11111
14318,34,0.11111
14318,49,0.11111
14318,50,0.11111
14318,52,0.11111
14563,62,0.5
14563,64,0.5
14563,8,0.5
14563,9,0.5
14563,30,0.5
14563,48,0.5
14591,26,0.5
14591,28,0.5
14591,30,0.5
14591,48,0.5
14591,63,1.0
14596,48,1.0
14644,66,1.0
14644,48,1.0
14644,48,1.0
14644,25,0.16667
14644,26,0.16667
14644,28,0.16667
14644,43,0.16667
14644,44,0.16667
14644,46,0.16667
14645,30,0.5
14645,48,0.5
14678,30,1.0
14724,7,0.5
14724,25,0.5
14724,63,1.0
14724,7,0.33333
14724,8,0.33333
14724,10,0.33333
14730,61,0.5
14730,62,0.5
14730,62,1.0
14730,13,0.5
14730,49,0.5
14730,7,1.0
14730,61,1.0
14730,61,0.25
14730,62,0.25
14730,63,0.25
14730,64,0.25
14730,8,1.0
14730,62,1.0
14730,8,1.0
14730,7,1.0
14730,66,1.0
14730,66,1.0
14730,7,1.0
14730,7,1.0
14730,8,1.0
14730,14,1.0
14730,8,1.0
14730,8,1.0
14730,66,1.0
14730,62,1.0
14730,66,1.0
14730,62,1.0
14730,12,1.0
14730,70,1.0
14730,7,0.5
14730,8,0.5
14730,12,1.0
14730,7,0.5
14730,8,0.5
14730,12,1.0
14730,12,1.0
14730,12,1.0
14730,12,1.0
14733,7,0.5
14733,8,0.5
14733,61,0.5
14733,62,0.5
14733,62,1.0
14733,13,0.5
14733,49,0.5
14733,7,1.0
14733,25,1.0
14733,61,0.25
14733,62,0.25
14733,63,0.25
14733,64,0.25
14733,8,0.5
14733,44,0.5
14733,12,1.0
14733,7,1.0
14733,14,0.5
14733,50,0.5
14733,8,1.0
14733,66,1.0
14733,44,1.0
14733,7,0.25
14733,8,0.25
14733,43,0.25
14733,44,0.25
14787,61,1.0
14787,61,1.0
14787,7,1.0
14787,68,1.0
14787,8,0.5
14787,44,0.5
14787,8,0.16667
14787,9,0.16667
14787,26,0.16667
14787,27,0.16667
14787,44,0.16667
14787,45,0.16667
14789,43,1.0
14789,25,1.0
14789,25,1.0
14789,61,1.0
14789,61,1.0
14789,9,1.0
14819,48,1.0
14819,30,0.5
14819,48,0.5
14819,26,1.0
14833,7,0.25
14833,8,0.25
14833,43,0.25
14833,44,0.25
14833,26,1.0
14833,12,1.0
14833,24,0.5
14833,42,0.5
14833,7,0.16667
14833,8,0.16667
14833,25,0.16667
14833,26,0.16667
14833,43,0.16667
14833,44,0.16667
14833,62,0.5
14833,63,0.5
14833,9,0.5
14833,45,0.5
14833,8,1.0
14833,9,0.5
14833,45,0.5
14992,30,1.0
15018,30,1.0
15018,30,1.0
15028,30,1.0
15028,12,1.0
15072,8,0.5
15072,26,0.5
15127,30,0.5
15127,48,0.5
15157,61,1.0
15158,48,1.0
15158,25,0.5
15158,27,0.5
15162,25,0.5
15162,43,0.5
15177,7,0.5
15177,8,0.5
15177,8,0.33333
15177,26,0.33333
15177,44,0.33333
15177,8,0.33333
15177,26,0.33333
15177,44,0.33333
15177,7,0.5
15177,8,0.5
15177,26,1.0
15177,12,1.0
15177,8,0.5
15177,26,0.5
15177,8,1.0
15177,8,0.5
15177,26,0.5
15177,8,1.0
15177,13,0.11111
15177,14,0.11111
15177,16,0.11111
15177,31,0.11111
15177,32,0.11111
15177,34,0.11111
15177,49,0.11111
15177,50,0.11111
15177,52,0.11111
15201,25,0.5
15201,27,0.5
15214,26,1.0
15214,30,1.0
15214,25,1.0
15214,44,1.0
15214,12,1.0
15214,30,1.0
15214,8,0.33333
15214,26,0.33333
15214,44,0.33333
15214,8,0.33333
15214,26,0.33333
15214,44,0.33333
15227,7,0.16667
15227,8,0.16667
15227,10,0.16667
15227,25,0.16667
15227,26,0.16667
15227,28,0.16667
15227,62,1.0
15227,8,1.0
15228,8,0.5
15228,44,0.5
15228,48,1.0
15288,25,1.0
15288,25,1.0
15291,25,1.0
15335,66,1.0
15335,8,1.0
15344,13,1.0
15387,12,1.0
15387,12,1.0
15387,12,1.0
15422,7,0.5
15422,43,0.5
15422,25,1.0
15425,8,1.0
15425,25,0.5
15425,26,0.5
15432,7,0.5
15432,8,0.5
15432,26,1.0
15432,12,1.0
15432,24,0.5
15432,42,0.5
15432,7,0.25
15432,8,0.25
15432,25,0.25
15432,26,0.25
15432,62,0.5
15432,63,0.5
15432,8,1.0
15432,8,1.0
15432,13,0.11111
15432,14,0.11111
15432,16,0.11111
15432,31,0.11111
15432,32,0.11111
15432,34,0.11111
15432,49,0.11111
15432,50,0.11111
15432,52,0.11111
15462,26,0.5
15462,27,0.5
15462,30,1.0
15462,26,0.25
15462,27,0.25
15462,44,0.25
15462,45,0.25
15497,66,1.0
15499,62,1.0
15499,62,1.0
15564,7,1.0
15564,12,1.0
15564,12,1.0
15609,61,1.0
15617,8,1.0
15617,13,0.11111
15617,14,0.11111
15617,16,0.11111
15617,31,0.11111
15617,32,0.11111
15617,34,0.11111
15617,49,0.11111
15617,50,0.11111
15617,52,0.11111
15655,61,1.0
15655,7,0.5
15655,25,0.5
15655,7,1.0
15655,7,1.0
15655,8,1.0
15655,25,1.0
15655,25,1.0
15694,8,1.0
15721,30,1.0
15767,62,1.0
15793,12,1.0
15793,30,1.0
15793,25,0.25
15793,26,0.25
15793,43,0.25
15793,44,0.25
15859,7,0.5
15859,43,0.5
15879,30,0.5
15879,48,0.5
15915,61,1.0
15915,8,0.5
15915,26,0.5
15915,18,0.5
15915,36,0.5
15915,14,0.5
15915,32,0.5
15915,7,1.0
15915,7,1.0
15915,18,1.0
15915,8,1.0
15927,61,0.5
15927,62,0.5
15945,30,0.5
15945,48,0.5
15945,26,0.5
15945,27,0.5
15995,66,1.0
15995,63,0.5
15995,66,0.5
15995,66,1.0
16007,25,1.0
16013,62,1.0
16013,30,1.0
16034,13,0.11111
16034,14,0.11111
16034,16,0.11111
16034,31,0.11111
16034,32,0.11111
16034,34,0.11111
16034,49,0.11111
16034,50,0.11111
16034,52,0.11111
16034,43,1.0
16034,48,1.0
16034,7,0.5
16034,8,0.5
16043,12,1.0
16043,12,1.0
16043,12,1.0
16051,8,1.0
16051,18,1.0
16051,18,1.0
16069,62,1.0
16245,61,0.5
16245,62,0.5
16245,26,0.5
16245,28,0.5
16245,8,0.5
16245,10,0.5
16280,26,1.0
16280,25,0.5
16280,26,0.5
16402,7,0.33333
16402,8,0.33333
16402,10,0.33333
16404,14,0.25
16404,15,0.25
16404,50,0.25
16404,51,0.25
16406,14,0.25
16406,15,0.25
16406,50,0.25
16406,51,0.25
16436,8,1.0
16436,8,0.5
16436,10,0.5
16436,8,1.0
16492,44,0.5
16492,46,0.5
16492,30,1.0
16492,62,1.0
16543,12,1.0
16543,12,1.0
16543,12,1.0
16575,66,1.0
16575,63,0.5
16575,66,0.5
16575,66,1.0
16583,8,1.0
16583,62,1.0
16583,44,1.0
16583,8,0.5
16583,10,0.5
16583,8,1.0
16618,26,0.5
16618,44,0.5
16627,66,1.0
16627,63,0.5
16627,66,0.5
16627,66,1.0
16687,25,0.5
16687,27,0.5
16969,7,0.33333
16969,8,0.33333
16969,10,0.33333
17055,66,1.0
17055,63,0.5
17055,66,0.5
17055,66,1.0
17167,7,1.0
17167,7,0.33333
17167,8,0.33333
17167,10,0.33333
17491,12,1.0
17500,25,0.5
17500,27,0.5
